,date,indUF,new_confirmed,state
0,2020-03-17,40.8717275674732,3,AC
1,2020-03-18,42.7929253865848,0,AC
2,2020-03-19,45.1036395737269,1,AC
3,2020-03-20,47.9398213140045,3,AC
4,2020-03-21,50.940040009446896,4,AC
5,2020-03-22,52.72466424015229,0,AC
6,2020-03-23,54.11327382682801,6,AC
7,2020-03-24,54.9591554678596,4,AC
8,2020-03-25,55.106026778249394,2,AC
9,2020-03-26,54.466012621385005,0,AC
10,2020-03-27,53.9576477584939,2,AC
11,2020-03-28,52.9478948663581,0,AC
12,2020-03-29,51.8424722485729,9,AC
13,2020-03-30,51.3007979562016,7,AC
14,2020-03-31,50.9681213410656,1,AC
15,2020-04-01,50.4267028379002,1,AC
16,2020-04-02,50.29733418787539,2,AC
17,2020-04-03,49.7699351796492,1,AC
18,2020-04-04,49.495521091907904,0,AC
19,2020-04-05,49.4150464419008,2,AC
20,2020-04-06,48.9792745909453,2,AC
21,2020-04-07,49.78057006561029,0,AC
22,2020-04-08,49.42889797271751,8,AC
23,2020-04-09,49.107336488627794,4,AC
24,2020-04-10,49.0705488593013,8,AC
25,2020-04-11,49.22521036840261,2,AC
26,2020-04-12,50.072149680358294,5,AC
27,2020-04-13,49.7157720762141,13,AC
28,2020-04-14,48.46131082183639,9,AC
29,2020-04-15,48.480131165063106,2,AC
30,2020-04-16,48.618757857434595,14,AC
31,2020-04-17,48.683348128147,20,AC
32,2020-04-18,49.5516209047637,7,AC
33,2020-04-19,48.7107169797042,21,AC
34,2020-04-20,49.1309893096684,13,AC
35,2020-04-21,49.1919606842222,19,AC
36,2020-04-22,49.1800872090967,19,AC
37,2020-04-23,49.124025457242794,13,AC
38,2020-04-24,48.98374559204329,7,AC
39,2020-04-25,47.8459632755203,24,AC
40,2020-04-26,47.495029986022,21,AC
41,2020-04-27,46.9791798885476,22,AC
42,2020-04-28,47.794224503276205,16,AC
43,2020-04-29,47.537662221702206,37,AC
44,2020-04-30,47.231066443981106,50,AC
45,2020-05-01,47.1612217002087,83,AC
46,2020-05-02,47.1782770357191,66,AC
47,2020-05-03,47.5576170719532,105,AC
48,2020-05-04,48.03205319349979,75,AC
49,2020-05-05,47.2812420170872,84,AC
50,2020-05-06,47.459714982816,126,AC
51,2020-05-07,47.063842278874596,71,AC
52,2020-05-08,47.265968466311705,163,AC
53,2020-05-09,47.606646931764494,158,AC
54,2020-05-10,47.7912973268642,112,AC
55,2020-05-11,48.3752435253586,13,AC
56,2020-05-12,48.52425995748239,130,AC
57,2020-05-13,48.7389089011459,104,AC
58,2020-05-14,49.457114370656605,46,AC
59,2020-05-15,49.8953526971035,45,AC
60,2020-05-16,50.1736407779601,82,AC
61,2020-05-17,50.320086480011604,129,AC
62,2020-05-18,50.061087257768705,238,AC
63,2020-05-19,50.1661715847892,248,AC
64,2020-05-20,50.3324214358791,0,AC
65,2020-05-21,50.7023489718083,621,AC
66,2020-05-22,50.4867014034931,240,AC
67,2020-03-08,30.050663637771397,1,AL
68,2020-03-09,30.1954787451446,0,AL
69,2020-03-10,30.495964066278,0,AL
70,2020-03-11,31.195496267638198,0,AL
71,2020-03-12,31.500891361565102,0,AL
72,2020-03-13,32.020689360770895,0,AL
73,2020-03-14,32.319149173042696,0,AL
74,2020-03-15,33.4249873021796,0,AL
75,2020-03-16,34.213354604637104,0,AL
76,2020-03-17,35.1372071624921,0,AL
77,2020-03-18,37.182465308059,0,AL
78,2020-03-19,39.4506772598611,3,AL
79,2020-03-20,42.5207807795235,2,AL
80,2020-03-21,45.648908130581894,1,AL
81,2020-03-22,48.015004395200606,0,AL
82,2020-03-23,50.3387047548252,1,AL
83,2020-03-24,52.585895281168604,2,AL
84,2020-03-25,52.88634150812611,1,AL
85,2020-03-26,53.1057933025185,0,AL
86,2020-03-27,52.34676893340839,1,AL
87,2020-03-28,51.4620954371642,2,AL
88,2020-03-29,50.421840087114404,3,AL
89,2020-03-30,49.82369430490029,0,AL
90,2020-03-31,48.9402811367541,1,AL
91,2020-04-01,48.2645487952709,0,AL
92,2020-04-02,47.3201329117862,0,AL
93,2020-04-03,47.144524458938704,5,AL
94,2020-04-04,46.8291488642976,0,AL
95,2020-04-05,46.4438746851339,5,AL
96,2020-04-06,45.6861021726128,3,AL
97,2020-04-07,46.0289347828917,3,AL
98,2020-04-08,45.7834042956234,3,AL
99,2020-04-09,45.410947871231,0,AL
100,2020-04-10,45.065141671914304,8,AL
101,2020-04-11,44.919681121083,3,AL
102,2020-04-12,45.199272307274,0,AL
103,2020-04-13,44.9981726655003,10,AL
104,2020-04-14,43.953326871958396,14,AL
105,2020-04-15,43.706160217796295,11,AL
106,2020-04-16,43.8991735482739,6,AL
107,2020-04-17,43.822645801587896,21,AL
108,2020-04-18,44.734011512242205,22,AL
109,2020-04-19,44.5124452249083,27,AL
110,2020-04-20,44.65087412889871,12,AL
111,2020-04-21,44.8310278486885,39,AL
112,2020-04-22,44.8558051504945,33,AL
113,2020-04-23,45.114830982203706,81,AL
114,2020-04-24,45.135927783860595,89,AL
115,2020-04-25,44.135034504094,88,AL
116,2020-04-26,44.001832947702894,59,AL
117,2020-04-27,44.0698382731732,83,AL
118,2020-04-28,44.9216288002402,134,AL
119,2020-04-29,44.722670882741795,180,AL
120,2020-04-30,43.7919483002854,88,AL
121,2020-05-01,43.7383019445813,181,AL
122,2020-05-02,43.6831975132946,145,AL
123,2020-05-03,43.899338737947595,70,AL
124,2020-05-04,44.1784976260491,97,AL
125,2020-05-05,43.142842472834,67,AL
126,2020-05-06,43.244690892982796,98,AL
127,2020-05-07,43.3256217259464,164,AL
128,2020-05-08,43.537528854349006,166,AL
129,2020-05-09,43.961845770205706,137,AL
130,2020-05-10,44.270927429035304,88,AL
131,2020-05-11,44.3248012108992,85,AL
132,2020-05-12,44.7107893262893,236,AL
133,2020-05-13,45.1585499219529,182,AL
134,2020-05-14,45.9800831546216,211,AL
135,2020-05-15,46.0227643471523,240,AL
136,2020-05-16,45.8678096181211,373,AL
137,2020-05-17,45.91658428666079,226,AL
138,2020-05-18,45.939486417679994,218,AL
139,2020-05-19,45.89353795263829,288,AL
140,2020-05-20,45.8856499888484,119,AL
141,2020-05-21,46.2083577555955,479,AL
142,2020-05-22,46.1794882285639,385,AL
143,2020-03-13,37.1633356688428,2,AM
144,2020-03-14,37.4925950117301,0,AM
145,2020-03-15,38.414732620463504,0,AM
146,2020-03-16,39.770013949138,0,AM
147,2020-03-17,40.663391404651,0,AM
148,2020-03-18,41.4621426411523,0,AM
149,2020-03-19,42.519419694031896,1,AM
150,2020-03-20,45.2219064496317,4,AM
151,2020-03-21,46.65602311006929,4,AM
152,2020-03-22,48.6921797797831,15,AM
153,2020-03-23,50.0347676567226,6,AM
154,2020-03-24,51.591918095090996,15,AM
155,2020-03-25,52.342714228358794,7,AM
156,2020-03-26,53.313986389292296,13,AM
157,2020-03-27,53.1174562476536,14,AM
158,2020-03-28,53.743579405365296,30,AM
159,2020-03-29,52.769090888845206,29,AM
160,2020-03-30,52.2831514799245,11,AM
161,2020-03-31,51.93540898075089,24,AM
162,2020-04-01,51.76358073943889,25,AM
163,2020-04-02,51.760378043192794,29,AM
164,2020-04-03,51.6484506311168,31,AM
165,2020-04-04,51.609103811221296,51,AM
166,2020-04-05,52.490112686660204,106,AM
167,2020-04-06,52.755966013750104,115,AM
168,2020-04-07,54.1121296044262,104,AM
169,2020-04-08,54.6033846306458,168,AM
170,2020-04-09,54.5442106591625,95,AM
171,2020-04-10,54.6853676974101,82,AM
172,2020-04-11,54.887866388082706,69,AM
173,2020-04-12,54.844298064752294,156,AM
174,2020-04-13,54.445029646605995,69,AM
175,2020-04-14,53.230885701305894,209,AM
176,2020-04-15,52.8633298269621,70,AM
177,2020-04-16,53.04892975526239,165,AM
178,2020-04-17,52.947454370939596,90,AM
179,2020-04-18,53.5034408442039,88,AM
180,2020-04-19,53.1747878241421,147,AM
181,2020-04-20,53.4901705628176,116,AM
182,2020-04-21,53.578827115801,110,AM
183,2020-04-22,54.00465236204639,209,AM
184,2020-04-23,53.65341523550649,409,AM
185,2020-04-24,53.348722398827896,306,AM
186,2020-04-25,52.50261897507689,441,AM
187,2020-04-26,52.2165422101762,198,AM
188,2020-04-27,51.7459568298234,95,AM
189,2020-04-28,52.061322039458894,409,AM
190,2020-04-29,51.2064815945671,464,AM
191,2020-04-30,50.67091579471521,453,AM
192,2020-05-01,50.3801559117867,469,AM
193,2020-05-02,49.962646349653596,339,AM
194,2020-05-03,50.07112975587871,621,AM
195,2020-05-04,50.076614543468104,630,AM
196,2020-05-05,49.192389319007596,796,AM
197,2020-05-06,48.878938637804204,1134,AM
198,2020-05-07,48.31004850936629,856,AM
199,2020-05-08,48.411758274145,628,AM
200,2020-05-09,48.58935652176871,1198,AM
201,2020-05-10,48.57934455462279,674,AM
202,2020-05-11,48.576359059769295,320,AM
203,2020-05-12,48.5325062854562,1249,AM
204,2020-05-13,48.60647562626411,1648,AM
205,2020-05-14,49.32298544149901,1365,AM
206,2020-05-15,49.1899144990718,1211,AM
207,2020-05-16,48.93147121410271,1285,AM
208,2020-05-17,48.394981430786295,651,AM
209,2020-05-18,48.062606421025,585,AM
210,2020-05-19,47.7612167547479,1219,AM
211,2020-05-20,47.6909575423225,1572,AM
212,2020-05-21,47.2413266819281,1663,AM
213,2020-05-22,46.752935677116206,1671,AM
214,2020-03-20,48.124056234703104,1,AP
215,2020-03-21,51.175006543563,0,AP
216,2020-03-22,53.439018408100395,0,AP
217,2020-03-23,54.4798816062331,0,AP
218,2020-03-24,55.67631068469,0,AP
219,2020-03-25,55.300759006830596,1,AP
220,2020-03-26,54.6593299401018,0,AP
221,2020-03-27,54.099707189011,1,AP
222,2020-03-28,53.2122504900232,1,AP
223,2020-03-29,52.1242871239299,4,AP
224,2020-03-30,51.4024098097046,0,AP
225,2020-03-31,50.889569684955504,2,AP
226,2020-04-01,50.31706545668321,1,AP
227,2020-04-02,50.0028485047513,1,AP
228,2020-04-03,49.6435388670763,7,AP
229,2020-04-04,49.3051359715989,10,AP
230,2020-04-05,49.44041749637079,3,AP
231,2020-04-06,49.033857291451596,7,AP
232,2020-04-07,50.1981360427924,12,AP
233,2020-04-08,49.9671949708218,56,AP
234,2020-04-09,49.93388418824139,3,AP
235,2020-04-10,50.018914411375796,56,AP
236,2020-04-11,50.1676321236749,27,AP
237,2020-04-12,50.1398467673899,44,AP
238,2020-04-13,50.050350687204,7,AP
239,2020-04-14,48.3222896546556,64,AP
240,2020-04-15,48.256289793692595,32,AP
241,2020-04-16,48.2745239239642,22,AP
242,2020-04-17,47.982980353329,13,AP
243,2020-04-18,48.2521430526859,25,AP
244,2020-04-19,48.042261547007,16,AP
245,2020-04-20,48.075726242826605,19,AP
246,2020-04-21,48.0129172245705,31,AP
247,2020-04-22,48.000504390029604,26,AP
248,2020-04-23,48.111672205796395,63,AP
249,2020-04-24,48.0928092664864,93,AP
250,2020-04-25,47.624232365921706,41,AP
251,2020-04-26,47.92098098467729,132,AP
252,2020-04-27,47.796025843216896,21,AP
253,2020-04-28,49.202135496187296,76,AP
254,2020-04-29,49.2838488760419,98,AP
255,2020-04-30,48.911510981205396,64,AP
256,2020-05-01,49.1526650918444,41,AP
257,2020-05-02,49.2487575242922,66,AP
258,2020-05-03,49.3028248046639,295,AP
259,2020-05-04,49.8676728524309,251,AP
260,2020-05-05,48.9874652050572,198,AP
261,2020-05-06,49.3357371677281,115,AP
262,2020-05-07,49.2372556410726,153,AP
263,2020-05-08,49.6063694612714,123,AP
264,2020-05-09,50.097581178645,171,AP
265,2020-05-10,50.494302555135896,120,AP
266,2020-05-11,50.6790969733218,58,AP
267,2020-05-12,51.27551072306579,239,AP
268,2020-05-13,51.5502649125152,95,AP
269,2020-05-14,52.501419636124204,423,AP
270,2020-05-15,52.13524486429439,202,AP
271,2020-05-16,53.157789496666794,204,AP
272,2020-05-17,53.8594941705488,118,AP
273,2020-05-18,54.57405707191071,71,AP
274,2020-05-19,54.8830528037865,287,AP
275,2020-05-20,55.2993413899376,239,AP
276,2020-05-21,55.330707632727794,639,AP
277,2020-05-22,56.003999748687704,467,AP
278,2020-03-06,30.319740227727298,1,BA
279,2020-03-07,30.564911733372803,1,BA
280,2020-03-08,30.431104149250803,0,BA
281,2020-03-09,30.6725265580658,0,BA
282,2020-03-10,31.0035997134619,0,BA
283,2020-03-11,31.481097308133897,1,BA
284,2020-03-12,31.468692949289398,0,BA
285,2020-03-13,31.7111808213596,4,BA
286,2020-03-14,31.938548759267302,0,BA
287,2020-03-15,32.9858048914038,2,BA
288,2020-03-16,34.0723607293718,1,BA
289,2020-03-17,35.352337173619,4,BA
290,2020-03-18,37.3977940147992,13,BA
291,2020-03-19,39.8383778185325,4,BA
292,2020-03-20,42.759258932878396,3,BA
293,2020-03-21,45.683580866432,7,BA
294,2020-03-22,48.083206152599104,14,BA
295,2020-03-23,50.152241228285,8,BA
296,2020-03-24,51.7792370141952,16,BA
297,2020-03-25,52.25372185640511,12,BA
298,2020-03-26,52.11034994462,17,BA
299,2020-03-27,51.5547738626945,15,BA
300,2020-03-28,50.7795358693859,4,BA
301,2020-03-29,49.6599701290259,29,BA
302,2020-03-30,48.8601402879749,20,BA
303,2020-03-31,48.131695361728106,41,BA
304,2020-04-01,47.4926951303227,29,BA
305,2020-04-02,47.1067375171993,21,BA
306,2020-04-03,47.2206818540366,23,BA
307,2020-04-04,46.913979979858105,46,BA
308,2020-04-05,46.5691093677322,65,BA
309,2020-04-06,45.8555572053589,36,BA
310,2020-04-07,46.6993071456018,25,BA
311,2020-04-08,46.5758166389457,53,BA
312,2020-04-09,46.3627815079897,53,BA
313,2020-04-10,46.133600293602,48,BA
314,2020-04-11,46.0496794861536,24,BA
315,2020-04-12,46.3755533190975,34,BA
316,2020-04-13,46.171519995309104,49,BA
317,2020-04-14,44.6655595326196,53,BA
318,2020-04-15,44.2806173549555,108,BA
319,2020-04-16,44.2777800892083,83,BA
320,2020-04-17,44.0381529546454,97,BA
321,2020-04-18,45.330550229896296,136,BA
322,2020-04-19,45.0570601792281,49,BA
323,2020-04-20,45.5912952893368,128,BA
324,2020-04-21,45.671395224026206,127,BA
325,2020-04-22,45.601842095757505,141,BA
326,2020-04-23,45.38031414576489,200,BA
327,2020-04-24,45.2838267598219,134,BA
328,2020-04-25,43.734147185499296,137,BA
329,2020-04-26,43.5701961983656,132,BA
330,2020-04-27,42.9716053589741,108,BA
331,2020-04-28,43.756945109765795,208,BA
332,2020-04-29,43.267006087489,112,BA
333,2020-04-30,42.5092973944858,191,BA
334,2020-05-01,42.25876427743621,273,BA
335,2020-05-02,42.1420647873923,175,BA
336,2020-05-03,42.2692017599402,251,BA
337,2020-05-04,42.5706434335109,168,BA
338,2020-05-05,41.4986040731532,306,BA
339,2020-05-06,41.8811258198175,261,BA
340,2020-05-07,42.067115995111706,227,BA
341,2020-05-08,42.20730019769629,291,BA
342,2020-05-09,42.5103109507312,356,BA
343,2020-05-10,42.7440035443109,384,BA
344,2020-05-11,42.7893776253837,249,BA
345,2020-05-12,43.0486404016523,397,BA
346,2020-05-13,43.172246052042,344,BA
347,2020-05-14,43.670174876117706,407,BA
348,2020-05-15,43.5670034656034,1174,BA
349,2020-05-16,43.6843389997472,186,BA
350,2020-05-17,43.4909080990767,128,BA
351,2020-05-18,43.8743845142766,438,BA
352,2020-05-19,43.90244526462111,2132,BA
353,2020-05-20,43.86213163463471,184,BA
354,2020-05-21,43.78130018404511,744,BA
355,2020-05-22,44.2507121197659,616,BA
356,2020-03-16,38.348416032886796,9,CE
357,2020-03-17,39.811229605749396,1,CE
358,2020-03-18,42.3630325893836,9,CE
359,2020-03-19,44.9852901792598,1,CE
360,2020-03-20,48.2550120129838,48,CE
361,2020-03-21,51.4479807711266,16,CE
362,2020-03-22,54.5791465635206,41,CE
363,2020-03-23,55.6065731589035,39,CE
364,2020-03-24,57.1011598610886,21,CE
365,2020-03-25,57.004695602957106,26,CE
366,2020-03-26,56.48500337460939,26,CE
367,2020-03-27,55.8403621560993,45,CE
368,2020-03-28,55.105332371749,40,CE
369,2020-03-29,53.3811396128704,37,CE
370,2020-03-30,52.7232176764215,23,CE
371,2020-03-31,52.0062613644294,19,CE
372,2020-04-01,51.5065774961261,44,CE
373,2020-04-02,51.200209245205606,120,CE
374,2020-04-03,50.8636583723122,93,CE
375,2020-04-04,50.46591957542189,87,CE
376,2020-04-05,50.4015045570506,218,CE
377,2020-04-06,49.9741589740617,83,CE
378,2020-04-07,50.7202760104836,143,CE
379,2020-04-08,50.4889688083733,205,CE
380,2020-04-09,50.275725916174295,51,CE
381,2020-04-10,50.241729131891795,113,CE
382,2020-04-11,50.1910948083939,110,CE
383,2020-04-12,50.485787853171104,79,CE
384,2020-04-13,50.1405204893469,189,CE
385,2020-04-14,48.9242140741176,136,CE
386,2020-04-15,48.641674543446996,220,CE
387,2020-04-16,48.5762842381147,120,CE
388,2020-04-17,48.389351421258404,335,CE
389,2020-04-18,49.34249537503679,315,CE
390,2020-04-19,49.05932462406779,246,CE
391,2020-04-20,49.3077719514862,179,CE
392,2020-04-21,49.2650079395059,199,CE
393,2020-04-22,49.350869171441005,430,CE
394,2020-04-23,49.21261475533011,586,CE
395,2020-04-24,49.2206396049693,419,CE
396,2020-04-25,48.02362096105129,546,CE
397,2020-04-26,47.698354030550206,593,CE
398,2020-04-27,47.4070351803119,523,CE
399,2020-04-28,48.0004784204534,202,CE
400,2020-04-29,47.562427518365794,426,CE
401,2020-04-30,47.0610506089353,450,CE
402,2020-05-01,46.9623231446755,139,CE
403,2020-05-02,46.9797817823207,309,CE
404,2020-05-03,47.432652526326294,70,CE
405,2020-05-04,47.871949567369,2661,CE
406,2020-05-05,47.7080734893525,430,CE
407,2020-05-06,48.45047264938311,840,CE
408,2020-05-07,48.8594595037844,1578,CE
409,2020-05-08,49.365133731280295,1246,CE
410,2020-05-09,49.9620773976202,745,CE
411,2020-05-10,50.3767168719123,813,CE
412,2020-05-11,50.7261069416656,907,CE
413,2020-05-12,50.9389457377219,813,CE
414,2020-05-13,51.2191379288662,744,CE
415,2020-05-14,51.629614105353404,1921,CE
416,2020-05-15,51.3957274539136,1982,CE
417,2020-05-16,51.05554797313889,736,CE
418,2020-05-17,50.6069630386086,460,CE
419,2020-05-18,50.3149526520963,2108,CE
420,2020-05-19,49.803044711432,1749,CE
421,2020-05-20,49.2855931221838,2448,CE
422,2020-05-21,49.055866392583106,853,CE
423,2020-05-22,48.823516395235394,3160,CE
424,2020-03-07,31.0370484747004,1,DF
425,2020-03-08,30.8066126498214,0,DF
426,2020-03-09,31.1775888083289,0,DF
427,2020-03-10,31.5853240198183,0,DF
428,2020-03-11,32.2604297430761,1,DF
429,2020-03-12,32.648270018225304,0,DF
430,2020-03-13,33.4129308475403,0,DF
431,2020-03-14,34.1913239706942,6,DF
432,2020-03-15,35.4793302138076,6,DF
433,2020-03-16,36.583146510243004,5,DF
434,2020-03-17,38.3547672983564,0,DF
435,2020-03-18,41.2403880647282,15,DF
436,2020-03-19,44.5364715060973,8,DF
437,2020-03-20,47.6275238443923,45,DF
438,2020-03-21,50.822401982821795,21,DF
439,2020-03-22,53.7361520722081,9,DF
440,2020-03-23,56.043265271511004,21,DF
441,2020-03-24,57.3426122700819,23,DF
442,2020-03-25,57.3882824336245,34,DF
443,2020-03-26,56.574302356947896,6,DF
444,2020-03-27,55.77814631033011,40,DF
445,2020-03-28,54.8397150913356,19,DF
446,2020-03-29,53.4442513577638,38,DF
447,2020-03-30,52.5405039084321,14,DF
448,2020-03-31,51.8665599686383,21,DF
449,2020-04-01,51.0140109621342,37,DF
450,2020-04-02,50.6954437980085,30,DF
451,2020-04-03,50.488138781558,19,DF
452,2020-04-04,50.08625932362921,37,DF
453,2020-04-05,49.9475512125264,12,DF
454,2020-04-06,49.226157591320295,17,DF
455,2020-04-07,50.09621488218921,18,DF
456,2020-04-08,49.604709889611996,6,DF
457,2020-04-09,49.027413659721496,18,DF
458,2020-04-10,48.7493108934668,29,DF
459,2020-04-11,48.686246729260205,36,DF
460,2020-04-12,48.8447581809235,26,DF
461,2020-04-13,48.991367763831605,23,DF
462,2020-04-14,47.3854484749397,10,DF
463,2020-04-15,47.4122483081448,37,DF
464,2020-04-16,47.4934845489021,39,DF
465,2020-04-17,47.4106636092346,29,DF
466,2020-04-18,48.3779056599589,40,DF
467,2020-04-19,48.0191710051843,64,DF
468,2020-04-20,48.03222381476439,15,DF
469,2020-04-21,48.00516717249889,38,DF
470,2020-04-22,47.758902981133794,46,DF
471,2020-04-23,47.55059259854529,9,DF
472,2020-04-24,47.2891033800169,44,DF
473,2020-04-25,45.935627898946706,8,DF
474,2020-04-26,45.6552014926919,105,DF
475,2020-04-27,45.1300075742097,64,DF
476,2020-04-28,45.9888132419019,41,DF
477,2020-04-29,45.7584715342979,83,DF
478,2020-04-30,45.3058541911849,110,DF
479,2020-05-01,45.196924596393096,123,DF
480,2020-05-02,44.9481678020789,59,DF
481,2020-05-03,44.8332332232219,115,DF
482,2020-05-04,44.9397689007618,73,DF
483,2020-05-05,43.6196808943355,44,DF
484,2020-05-06,43.3410128440518,209,DF
485,2020-05-07,42.7403154843524,212,DF
486,2020-05-08,42.6219280724142,184,DF
487,2020-05-09,42.6809888221556,134,DF
488,2020-05-10,42.6710673640856,106,DF
489,2020-05-11,42.536127919086496,117,DF
490,2020-05-12,42.6960539581489,180,DF
491,2020-05-13,43.0149382764421,213,DF
492,2020-05-14,43.9239055743983,224,DF
493,2020-05-15,43.862062728065006,371,DF
494,2020-05-16,43.7593696772882,353,DF
495,2020-05-17,43.626856670962,228,DF
496,2020-05-18,43.5214761045862,250,DF
497,2020-05-19,43.3290010728685,235,DF
498,2020-05-20,43.1270386324633,418,DF
499,2020-05-21,43.07096665549379,271,DF
500,2020-05-22,43.0219759684976,406,DF
501,2020-03-19,41.848312305657004,13,ES
502,2020-03-20,44.862751740304496,3,ES
503,2020-03-21,47.835377266933406,10,ES
504,2020-03-22,50.264381831753795,0,ES
505,2020-03-23,52.2665325770174,7,ES
506,2020-03-24,53.671804367834206,7,ES
507,2020-03-25,53.613787508951305,0,ES
508,2020-03-26,52.7569052575579,8,ES
509,2020-03-27,52.098440521155005,6,ES
510,2020-03-28,51.288989874594,7,ES
511,2020-03-29,50.3142755599096,11,ES
512,2020-03-30,49.6225472785205,13,ES
513,2020-03-31,49.1591051372706,12,ES
514,2020-04-01,48.730181348844006,23,ES
515,2020-04-02,48.5706944474325,19,ES
516,2020-04-03,48.2035683731575,14,ES
517,2020-04-04,47.648933367666295,13,ES
518,2020-04-05,47.398121710587304,28,ES
519,2020-04-06,46.9077041666087,15,ES
520,2020-04-07,47.8922326398346,18,ES
521,2020-04-08,47.3761509013509,46,ES
522,2020-04-09,47.00373874057429,27,ES
523,2020-04-10,46.875998959703395,49,ES
524,2020-04-11,46.87618099625979,34,ES
525,2020-04-12,46.86930308944329,47,ES
526,2020-04-13,46.5047128399185,33,ES
527,2020-04-14,44.80521738639089,94,ES
528,2020-04-15,44.707892233969794,177,ES
529,2020-04-16,44.624457351638796,201,ES
530,2020-04-17,45.482229565072295,17,ES
531,2020-04-18,46.7134533624625,147,ES
532,2020-04-19,46.3121589336035,96,ES
533,2020-04-20,46.432727553797996,17,ES
534,2020-04-21,46.3114985318964,101,ES
535,2020-04-22,46.294937605817005,38,ES
536,2020-04-23,46.1521682207588,102,ES
537,2020-04-24,45.07449197514379,212,ES
538,2020-04-25,43.613869997381,46,ES
539,2020-04-26,43.671076013150206,108,ES
540,2020-04-27,43.277612809285706,125,ES
541,2020-04-28,44.787223888232,220,ES
542,2020-04-29,44.36083210054029,374,ES
543,2020-04-30,43.9449267146105,150,ES
544,2020-05-01,43.76501061927521,225,ES
545,2020-05-02,43.554788081973896,191,ES
546,2020-05-03,43.4239964191764,104,ES
547,2020-05-04,43.8043113151956,143,ES
548,2020-05-05,42.1464848945145,189,ES
549,2020-05-06,42.0765447944438,174,ES
550,2020-05-07,41.6715250207464,274,ES
551,2020-05-08,41.6053708006092,254,ES
552,2020-05-09,41.6224680433451,170,ES
553,2020-05-10,41.6688321636658,187,ES
554,2020-05-11,41.4256548046556,220,ES
555,2020-05-12,41.5333741496796,268,ES
556,2020-05-13,42.3039885128722,314,ES
557,2020-05-14,43.113461132427595,412,ES
558,2020-05-15,43.07672298237001,385,ES
559,2020-05-16,43.066203593403394,397,ES
560,2020-05-17,42.9543149516608,149,ES
561,2020-05-18,42.8654382073691,413,ES
562,2020-05-19,42.605179249710496,536,ES
563,2020-05-20,42.0255587696382,802,ES
564,2020-05-21,41.786154917235706,383,ES
565,2020-05-22,42.2101303225021,642,ES
566,2020-03-12,31.0692328031522,3,GO
567,2020-03-13,31.501998907175302,0,GO
568,2020-03-14,31.931286617358605,1,GO
569,2020-03-15,32.9152979554979,0,GO
570,2020-03-16,34.1475294588497,5,GO
571,2020-03-17,35.7887644681638,1,GO
572,2020-03-18,38.2591145640702,2,GO
573,2020-03-19,41.1807245707848,3,GO
574,2020-03-20,43.8576759464863,3,GO
575,2020-03-21,46.67109889495129,-1,GO
576,2020-03-22,49.21080547191279,4,GO
577,2020-03-23,51.086614957302,2,GO
578,2020-03-24,52.3380271520312,6,GO
579,2020-03-25,52.468896580638706,6,GO
580,2020-03-26,51.7311831638213,3,GO
581,2020-03-27,51.0786594378012,11,GO
582,2020-03-28,50.190649956041604,7,GO
583,2020-03-29,48.89483734652121,0,GO
584,2020-03-30,48.120624471794,4,GO
585,2020-03-31,47.4255217041825,5,GO
586,2020-04-01,46.6503258871627,8,GO
587,2020-04-02,46.2643801829102,0,GO
588,2020-04-03,45.9718766036294,15,GO
589,2020-04-04,45.4764204200154,15,GO
590,2020-04-05,45.1673616425247,12,GO
591,2020-04-06,44.531291299984595,4,GO
592,2020-04-07,45.371565656932795,14,GO
593,2020-04-08,45.02065740628261,26,GO
594,2020-04-09,44.5793226160965,20,GO
595,2020-04-10,44.3368976947809,12,GO
596,2020-04-11,44.47770651086571,18,GO
597,2020-04-12,44.59191649596929,20,GO
598,2020-04-13,44.4895349835067,4,GO
599,2020-04-14,42.941286426149205,51,GO
600,2020-04-15,42.929866906772396,20,GO
601,2020-04-16,43.102112508501996,14,GO
602,2020-04-17,42.993536749551794,17,GO
603,2020-04-18,43.7624141200545,43,GO
604,2020-04-19,43.2955046066546,15,GO
605,2020-04-20,43.1365965686332,10,GO
606,2020-04-21,42.8592508949976,18,GO
607,2020-04-22,42.4411428468274,17,GO
608,2020-04-23,41.985052062737005,15,GO
609,2020-04-24,41.6540903304875,33,GO
610,2020-04-25,40.2479514517135,20,GO
611,2020-04-26,40.0867726718836,67,GO
612,2020-04-27,39.723881540271,43,GO
613,2020-04-28,40.7681060110632,45,GO
614,2020-04-29,40.5992920897264,44,GO
615,2020-04-30,40.2309763909868,76,GO
616,2020-05-01,40.1468914599798,27,GO
617,2020-05-02,39.9907114079582,17,GO
618,2020-05-03,39.9565796434047,25,GO
619,2020-05-04,40.103618417933895,11,GO
620,2020-05-05,38.7932989606678,61,GO
621,2020-05-06,38.427536006265896,0,GO
622,2020-05-07,37.7124079038317,105,GO
623,2020-05-08,37.5936023729055,26,GO
624,2020-05-09,37.56528556639321,0,GO
625,2020-05-10,37.5193175443493,0,GO
626,2020-05-11,37.4361996677785,47,GO
627,2020-05-12,37.513301012247204,15,GO
628,2020-05-13,37.824335438593,110,GO
629,2020-05-14,38.6602073753663,235,GO
630,2020-05-15,38.6442474207481,145,GO
631,2020-05-16,38.5882294090964,47,GO
632,2020-05-17,38.4433567493155,40,GO
633,2020-05-18,38.361253576813795,89,GO
634,2020-05-19,38.2410115379026,99,GO
635,2020-05-20,38.20345506321679,169,GO
636,2020-05-21,38.3733671950921,106,GO
637,2020-05-22,38.343922659454,189,GO
638,2020-03-20,41.630374458785504,1,MA
639,2020-03-21,44.17209614245029,1,MA
640,2020-03-22,46.5211779883642,0,MA
641,2020-03-23,48.3982323775527,6,MA
642,2020-03-24,49.9800465672036,0,MA
643,2020-03-25,50.54856775994679,0,MA
644,2020-03-26,50.4328401948428,2,MA
645,2020-03-27,50.142339341059106,3,MA
646,2020-03-28,49.5322973101188,2,MA
647,2020-03-29,48.334849243118,6,MA
648,2020-03-30,47.7058409814265,9,MA
649,2020-03-31,47.05237012439879,21,MA
650,2020-04-01,46.6137692453144,19,MA
651,2020-04-02,46.352743384350994,10,MA
652,2020-04-03,46.1554179036493,7,MA
653,2020-04-04,45.7315336005435,8,MA
654,2020-04-05,45.7360265285397,37,MA
655,2020-04-06,45.2986657276539,39,MA
656,2020-04-07,46.5181918419318,58,MA
657,2020-04-08,46.299500105562295,43,MA
658,2020-04-09,46.2227695793433,21,MA
659,2020-04-10,46.2046064173588,51,MA
660,2020-04-11,46.50947765378199,54,MA
661,2020-04-12,46.5916732239796,47,MA
662,2020-04-13,46.4686151861943,33,MA
663,2020-04-14,44.941846175575506,152,MA
664,2020-04-15,44.8179721148213,65,MA
665,2020-04-16,44.8404712525897,102,MA
666,2020-04-17,44.753108359430506,243,MA
667,2020-04-18,45.750794992212,165,MA
668,2020-04-19,45.7162734477689,115,MA
669,2020-04-20,45.984979652209304,90,MA
670,2020-04-21,46.0090865656935,194,MA
671,2020-04-22,46.1848702986707,153,MA
672,2020-04-23,46.168021310244505,194,MA
673,2020-04-24,46.265974144383605,154,MA
674,2020-04-25,45.090639200548495,118,MA
675,2020-04-26,44.956911547532904,187,MA
676,2020-04-27,44.85292442665,118,MA
677,2020-04-28,45.937104979451505,276,MA
678,2020-04-29,45.593711458720996,386,MA
679,2020-04-30,45.1056417973314,316,MA
680,2020-05-01,44.978166979110604,299,MA
681,2020-05-02,45.765139136456206,235,MA
682,2020-05-03,46.7139648749415,187,MA
683,2020-05-04,47.613991580923795,303,MA
684,2020-05-05,47.0392893282265,498,MA
685,2020-05-06,47.71425232709971,361,MA
686,2020-05-07,47.9275506339825,520,MA
687,2020-05-08,48.67071824699929,856,MA
688,2020-05-09,48.56552556514689,834,MA
689,2020-05-10,48.4786039203971,545,MA
690,2020-05-11,48.377700082498706,382,MA
691,2020-05-12,49.0189751358551,586,MA
692,2020-05-13,49.1850217727421,689,MA
693,2020-05-14,49.7376417536668,938,MA
694,2020-05-15,49.033743795596706,853,MA
695,2020-05-16,48.3252324181672,900,MA
696,2020-05-17,47.55712583654471,746,MA
697,2020-05-18,46.958573117413906,960,MA
698,2020-05-19,45.84606819692549,916,MA
699,2020-05-20,45.2734326885103,944,MA
700,2020-05-21,44.8162728037504,1154,MA
701,2020-05-22,44.5805429112495,1555,MA
702,2020-03-08,30.786088849942605,1,MG
703,2020-03-09,30.6794914631893,0,MG
704,2020-03-10,30.8713106750496,0,MG
705,2020-03-11,31.225349761051103,0,MG
706,2020-03-12,31.2757536869975,1,MG
707,2020-03-13,31.515696112909197,0,MG
708,2020-03-14,31.755249602742,2,MG
709,2020-03-15,32.7512043876053,0,MG
710,2020-03-16,33.8428008559588,2,MG
711,2020-03-17,35.2588550768903,8,MG
712,2020-03-18,37.597684170809,5,MG
713,2020-03-19,40.6109249046612,10,MG
714,2020-03-20,43.432965524622794,9,MG
715,2020-03-21,46.429253769319,16,MG
716,2020-03-22,48.8352661640767,0,MG
717,2020-03-23,50.8449016476486,74,MG
718,2020-03-24,52.31023326611611,2,MG
719,2020-03-25,52.5131316067774,3,MG
720,2020-03-26,51.938630808527,20,MG
721,2020-03-27,51.502563185032905,36,MG
722,2020-03-28,50.750506634510096,16,MG
723,2020-03-29,49.75966626025539,26,MG
724,2020-03-30,49.1386316580785,30,MG
725,2020-03-31,48.6237163258293,14,MG
726,2020-04-01,48.0664864971737,39,MG
727,2020-04-02,47.6675641747835,56,MG
728,2020-04-03,47.315241583036205,27,MG
729,2020-04-04,46.9137643099661,33,MG
730,2020-04-05,46.7178654897252,68,MG
731,2020-04-06,46.1486085984691,27,MG
732,2020-04-07,47.479254592369095,34,MG
733,2020-04-08,47.112479041913396,55,MG
734,2020-04-09,46.6398868539238,41,MG
735,2020-04-10,46.476785487741296,43,MG
736,2020-04-11,46.458561885669695,52,MG
737,2020-04-12,46.5103123951902,56,MG
738,2020-04-13,46.2686502318929,9,MG
739,2020-04-14,44.188115742635205,69,MG
740,2020-04-15,44.022171718783504,19,MG
741,2020-04-16,44.1643767350564,55,MG
742,2020-04-17,44.092497993494206,63,MG
743,2020-04-18,45.045563378035496,56,MG
744,2020-04-19,44.671779908909706,77,MG
745,2020-04-20,44.784031849731505,35,MG
746,2020-04-21,44.7275259316673,41,MG
747,2020-04-22,44.6386910808722,53,MG
748,2020-04-23,44.3816171229906,25,MG
749,2020-04-24,44.1533410381909,111,MG
750,2020-04-25,42.8312219691971,62,MG
751,2020-04-26,42.749024202493,67,MG
752,2020-04-27,42.319396452733,38,MG
753,2020-04-28,43.49911737673921,63,MG
754,2020-04-29,43.269291183102105,109,MG
755,2020-04-30,42.838079309266,69,MG
756,2020-05-01,42.7120199258849,108,MG
757,2020-05-02,42.5300969306027,88,MG
758,2020-05-03,42.421882126909296,95,MG
759,2020-05-04,42.6652854467595,229,MG
760,2020-05-05,41.1916017165829,105,MG
761,2020-05-06,40.835199077819,153,MG
762,2020-05-07,40.167227590054104,165,MG
763,2020-05-08,40.0159547119163,173,MG
764,2020-05-09,40.0092190355063,180,MG
765,2020-05-10,39.9756901809327,114,MG
766,2020-05-11,39.802410174150204,83,MG
767,2020-05-12,39.8614520290843,115,MG
768,2020-05-13,40.3208474017659,298,MG
769,2020-05-14,41.105747759265704,217,MG
770,2020-05-15,41.038454933215206,246,MG
771,2020-05-16,40.8911039756452,278,MG
772,2020-05-17,40.6591499759888,137,MG
773,2020-05-18,40.5337361712301,84,MG
774,2020-05-19,40.3252008163979,282,MG
775,2020-05-20,40.1281683445289,309,MG
776,2020-05-21,40.551738165124995,310,MG
777,2020-05-22,40.567002500208396,399,MG
778,2020-03-14,33.013652743691104,2,MS
779,2020-03-15,33.9302696315533,0,MS
780,2020-03-16,35.027090110688896,2,MS
781,2020-03-17,36.2718255840618,2,MS
782,2020-03-18,38.345875353779505,1,MS
783,2020-03-19,41.288412987371395,2,MS
784,2020-03-20,44.134158219690796,3,MS
785,2020-03-21,47.094287244775494,4,MS
786,2020-03-22,49.542636811326396,5,MS
787,2020-03-23,51.4805601242939,0,MS
788,2020-03-24,53.0418280993751,3,MS
789,2020-03-25,53.4828999042564,0,MS
790,2020-03-26,52.976470466302004,1,MS
791,2020-03-27,52.2863950451525,3,MS
792,2020-03-28,51.2916626686996,3,MS
793,2020-03-29,50.0487134402711,5,MS
794,2020-03-30,49.21148233685079,8,MS
795,2020-03-31,48.4773125597949,4,MS
796,2020-04-01,47.6657274698575,3,MS
797,2020-04-02,47.038166624716204,2,MS
798,2020-04-03,46.455381579394796,7,MS
799,2020-04-04,45.863582210788294,2,MS
800,2020-04-05,45.4010825813824,3,MS
801,2020-04-06,44.6628708446282,1,MS
802,2020-04-07,45.549582091816795,14,MS
803,2020-04-08,45.02544262408,5,MS
804,2020-04-09,44.455563514836506,4,MS
805,2020-04-10,44.230694502431795,8,MS
806,2020-04-11,44.146223006637896,3,MS
807,2020-04-12,44.243126364869205,1,MS
808,2020-04-13,44.0752647212531,12,MS
809,2020-04-14,42.315732825593706,2,MS
810,2020-04-15,42.2370034439969,6,MS
811,2020-04-16,42.3257430446477,10,MS
812,2020-04-17,42.3089384109908,12,MS
813,2020-04-18,43.4025316581205,18,MS
814,2020-04-19,43.064922311894705,7,MS
815,2020-04-20,43.097315356184204,3,MS
816,2020-04-21,43.0062258764165,2,MS
817,2020-04-22,42.8850536254861,2,MS
818,2020-04-23,42.6253112075104,11,MS
819,2020-04-24,42.487064858675794,27,MS
820,2020-04-25,41.1317051694747,4,MS
821,2020-04-26,41.0500457992946,17,MS
822,2020-04-27,40.66214204610571,4,MS
823,2020-04-28,41.984141707718294,2,MS
824,2020-04-29,41.7836435441965,9,MS
825,2020-04-30,41.408692674602705,6,MS
826,2020-05-01,41.2212350090445,6,MS
827,2020-05-02,41.0951885064772,5,MS
828,2020-05-03,41.3672535657929,6,MS
829,2020-05-04,41.6935750966399,2,MS
830,2020-05-05,40.230766823536,9,MS
831,2020-05-06,39.8426939686553,5,MS
832,2020-05-07,39.133885598328796,23,MS
833,2020-05-08,39.017342412097896,15,MS
834,2020-05-09,39.7612279383085,20,MS
835,2020-05-10,39.7056349079133,16,MS
836,2020-05-11,39.550595325370494,23,MS
837,2020-05-12,39.5430638005165,20,MS
838,2020-05-13,39.798901710676105,25,MS
839,2020-05-14,40.620846175544706,22,MS
840,2020-05-15,40.6504708037237,27,MS
841,2020-05-16,39.8125172180374,29,MS
842,2020-05-17,39.341121957185294,62,MS
843,2020-05-18,39.1714064208035,43,MS
844,2020-05-19,39.240455535133705,29,MS
845,2020-05-20,39.533498847234604,51,MS
846,2020-05-21,39.8754711597395,53,MS
847,2020-05-22,39.8931967378674,59,MS
848,2020-03-20,42.2443908295609,1,MT
849,2020-03-21,45.1071069019842,0,MT
850,2020-03-22,47.5077408843015,0,MT
851,2020-03-23,49.4745874761989,5,MT
852,2020-03-24,50.739558823733795,1,MT
853,2020-03-25,51.1749614817308,2,MT
854,2020-03-26,50.6029158546832,2,MT
855,2020-03-27,49.866010481400096,0,MT
856,2020-03-28,48.842677489950894,0,MT
857,2020-03-29,47.62945732920429,0,MT
858,2020-03-30,46.844301503286104,7,MT
859,2020-03-31,46.294616304312704,7,MT
860,2020-04-01,45.7136663887233,3,MT
861,2020-04-02,45.4696332796173,13,MT
862,2020-04-03,45.2250206988488,3,MT
863,2020-04-04,44.7945475073664,16,MT
864,2020-04-05,44.9847512728811,0,MT
865,2020-04-06,44.48645378481461,16,MT
866,2020-04-07,45.5198623535658,2,MT
867,2020-04-08,45.144277132930895,12,MT
868,2020-04-09,44.6664564190919,18,MT
869,2020-04-10,44.4748034276386,4,MT
870,2020-04-11,44.554554729106904,9,MT
871,2020-04-12,44.18719076100061,2,MT
872,2020-04-13,43.9817617447937,11,MT
873,2020-04-14,42.146616556165206,4,MT
874,2020-04-15,42.1056022211548,13,MT
875,2020-04-16,42.2216576304615,5,MT
876,2020-04-17,42.0409511722494,6,MT
877,2020-04-18,42.936254504298,9,MT
878,2020-04-19,42.725681023156,3,MT
879,2020-04-20,42.793262484837605,7,MT
880,2020-04-21,42.7443557369508,0,MT
881,2020-04-22,42.5904029803938,24,MT
882,2020-04-23,42.3607669541028,15,MT
883,2020-04-24,42.2143291281744,21,MT
884,2020-04-25,40.918775136393705,5,MT
885,2020-04-26,40.6623973339208,3,MT
886,2020-04-27,40.3202301430376,7,MT
887,2020-04-28,41.537317124812105,7,MT
888,2020-04-29,41.307496262094496,29,MT
889,2020-04-30,40.9719711256082,10,MT
890,2020-05-01,40.933107933722404,18,MT
891,2020-05-02,40.8176944570924,13,MT
892,2020-05-03,41.0071877541477,4,MT
893,2020-05-04,41.3601995651379,7,MT
894,2020-05-05,40.026248891052205,22,MT
895,2020-05-06,39.727484270218504,19,MT
896,2020-05-07,39.033476904854204,34,MT
897,2020-05-08,38.8317673414418,45,MT
898,2020-05-09,38.839501445556,38,MT
899,2020-05-10,38.8087523696193,17,MT
900,2020-05-11,38.6889218272417,26,MT
901,2020-05-12,38.785344888674004,59,MT
902,2020-05-13,39.0867921214402,69,MT
903,2020-05-14,39.8992564364493,61,MT
904,2020-05-15,39.954149689837706,58,MT
905,2020-05-16,39.889236627466005,65,MT
906,2020-05-17,39.5950702987907,44,MT
907,2020-05-18,39.4233321780079,40,MT
908,2020-05-19,39.26813349687,64,MT
909,2020-05-20,39.5086137242704,85,MT
910,2020-05-21,39.7946660404945,97,MT
911,2020-05-22,39.8518655227895,84,MT
912,2020-03-18,37.987871327933604,1,PA
913,2020-03-19,39.683439228931796,0,PA
914,2020-03-20,42.0157692902094,1,PA
915,2020-03-21,44.5473769345735,0,PA
916,2020-03-22,46.584131871901995,2,PA
917,2020-03-23,48.1006325176896,1,PA
918,2020-03-24,49.390182075257705,0,PA
919,2020-03-25,49.61216224384379,2,PA
920,2020-03-26,49.3778650334355,6,PA
921,2020-03-27,49.1170936760067,3,PA
922,2020-03-28,48.5648300283616,2,PA
923,2020-03-29,47.6529190391584,2,PA
924,2020-03-30,47.10560477982389,6,PA
925,2020-03-31,46.6601918162015,8,PA
926,2020-04-01,46.288257775019105,7,PA
927,2020-04-02,46.062582170168895,8,PA
928,2020-04-03,45.801826600558606,26,PA
929,2020-04-04,45.528182771122,7,PA
930,2020-04-05,45.67526753345899,4,PA
931,2020-04-06,45.4924913523884,37,PA
932,2020-04-07,47.0395613403204,31,PA
933,2020-04-08,46.9767321725568,11,PA
934,2020-04-09,46.92254450813379,4,PA
935,2020-04-10,47.06601703393989,48,PA
936,2020-04-11,47.63547395259889,20,PA
937,2020-04-12,47.94128984846379,22,PA
938,2020-04-13,47.831350912920996,51,PA
939,2020-04-14,46.67030538524921,74,PA
940,2020-04-15,46.721743268257704,103,PA
941,2020-04-16,47.05771415199921,70,PA
942,2020-04-17,47.20484762109071,70,PA
943,2020-04-18,48.0860316638513,14,PA
944,2020-04-19,48.0457579680779,44,PA
945,2020-04-20,48.5300003030414,217,PA
946,2020-04-21,48.433962855238505,124,PA
947,2020-04-22,48.700392108448895,169,PA
948,2020-04-23,48.876417632279995,72,PA
949,2020-04-24,48.9799087750236,312,PA
950,2020-04-25,48.0881298093766,166,PA
951,2020-04-26,48.2092618869011,325,PA
952,2020-04-27,48.2469002096484,149,PA
953,2020-04-28,49.367158658297996,100,PA
954,2020-04-29,49.2136148382329,267,PA
955,2020-04-30,48.7323329574238,413,PA
956,2020-05-01,48.7996017671326,360,PA
957,2020-05-02,48.5524268704358,368,PA
958,2020-05-03,48.49680857427,193,PA
959,2020-05-04,48.898837229578504,342,PA
960,2020-05-05,47.9332656072929,494,PA
961,2020-05-06,48.1585187246923,768,PA
962,2020-05-07,48.40034990154779,411,PA
963,2020-05-08,48.9758165277538,584,PA
964,2020-05-09,49.632981700451495,499,PA
965,2020-05-10,50.1770217731748,330,PA
966,2020-05-11,50.1842227297041,721,PA
967,2020-05-12,50.3814885841522,990,PA
968,2020-05-13,50.644033739112395,1285,PA
969,2020-05-14,50.9518766733739,1135,PA
970,2020-05-15,50.46145127332029,1159,PA
971,2020-05-16,50.2960075405935,826,PA
972,2020-05-17,50.0652572043293,737,PA
973,2020-05-18,49.9974735000074,1266,PA
974,2020-05-19,49.801967843576705,0,PA
975,2020-05-20,49.641011495476896,3462,PA
976,2020-05-21,49.3713688464343,1603,PA
977,2020-05-22,48.752385545024005,2165,PA
978,2020-03-18,36.9346414136886,1,PB
979,2020-03-19,39.5054177963414,0,PB
980,2020-03-20,42.6825033031877,0,PB
981,2020-03-21,45.8488290981764,0,PB
982,2020-03-22,48.498839169962,0,PB
983,2020-03-23,50.6384989104584,1,PB
984,2020-03-24,52.4579408435587,1,PB
985,2020-03-25,52.9117927629951,2,PB
986,2020-03-26,52.538289845036104,1,PB
987,2020-03-27,51.970419120316706,4,PB
988,2020-03-28,51.1231550646598,4,PB
989,2020-03-29,49.899349054213,0,PB
990,2020-03-30,49.1848934200531,3,PB
991,2020-03-31,48.381069260223,1,PB
992,2020-04-01,47.86967185221021,3,PB
993,2020-04-02,47.4584046191628,8,PB
994,2020-04-03,47.057779492857705,3,PB
995,2020-04-04,46.7809568867254,2,PB
996,2020-04-05,46.565648597491396,1,PB
997,2020-04-06,46.015706640071706,1,PB
998,2020-04-07,46.880817823064206,5,PB
999,2020-04-08,46.4213137016332,14,PB
1000,2020-04-09,46.0045240374728,24,PB
1001,2020-04-10,45.815237473002995,6,PB
1002,2020-04-11,45.75154970245789,16,PB
1003,2020-04-12,46.07546063889399,10,PB
1004,2020-04-13,45.928904122909096,25,PB
1005,2020-04-14,44.3817088685598,16,PB
1006,2020-04-15,44.180700610304,13,PB
1007,2020-04-16,44.316935906865,30,PB
1008,2020-04-17,44.1185005985554,10,PB
1009,2020-04-18,45.091861185815404,31,PB
1010,2020-04-19,44.6824213600442,9,PB
1011,2020-04-20,44.624486403684905,18,PB
1012,2020-04-21,44.6216575218097,38,PB
1013,2020-04-22,44.66092171553039,44,PB
1014,2020-04-23,44.3269470460307,41,PB
1015,2020-04-24,44.5258769205192,61,PB
1016,2020-04-25,43.203470172805794,52,PB
1017,2020-04-26,42.9700655506553,44,PB
1018,2020-04-27,42.864613000113394,90,PB
1019,2020-04-28,43.5090671449246,65,PB
1020,2020-04-29,43.1502636849097,116,PB
1021,2020-04-30,42.7611716446966,112,PB
1022,2020-05-01,42.4452433771843,108,PB
1023,2020-05-02,42.5932417537227,135,PB
1024,2020-05-03,42.950678140187904,50,PB
1025,2020-05-04,43.32446128531139,142,PB
1026,2020-05-05,42.6667025031195,132,PB
1027,2020-05-06,42.901518362968,164,PB
1028,2020-05-07,42.7038688880823,192,PB
1029,2020-05-08,42.981763231236705,181,PB
1030,2020-05-09,43.3347661073526,126,PB
1031,2020-05-10,43.573036266055695,185,PB
1032,2020-05-11,43.91285402266371,184,PB
1033,2020-05-12,44.9604222300268,252,PB
1034,2020-05-13,45.562739875259396,268,PB
1035,2020-05-14,46.57961291101171,316,PB
1036,2020-05-15,46.5560222308731,378,PB
1037,2020-05-16,46.3153552548534,324,PB
1038,2020-05-17,46.2037735278955,284,PB
1039,2020-05-18,45.9249866802281,439,PB
1040,2020-05-19,45.1712861855888,514,PB
1041,2020-05-20,45.5681834668709,538,PB
1042,2020-05-21,45.90263417422529,400,PB
1043,2020-05-22,45.8702770673855,644,PB
1044,2020-03-12,32.1278645992183,2,PE
1045,2020-03-13,32.8843474928627,0,PE
1046,2020-03-14,33.5375655807563,5,PE
1047,2020-03-15,34.8991272047768,1,PE
1048,2020-03-16,36.2306169995555,0,PE
1049,2020-03-17,37.6936920510486,10,PE
1050,2020-03-18,39.949034889888296,1,PE
1051,2020-03-19,42.4132795210541,0,PE
1052,2020-03-20,45.4493417905423,0,PE
1053,2020-03-21,48.5037831353251,14,PE
1054,2020-03-22,50.9072087761665,4,PE
1055,2020-03-23,52.9510925772146,5,PE
1056,2020-03-24,54.7378641431608,0,PE
1057,2020-03-25,55.150360887375605,4,PE
1058,2020-03-26,54.9015730735969,2,PE
1059,2020-03-27,54.419517687845605,9,PE
1060,2020-03-28,53.7488239121384,11,PE
1061,2020-03-29,52.802353380191,5,PE
1062,2020-03-30,52.2863586667217,4,PE
1063,2020-03-31,51.67326307797,10,PE
1064,2020-04-01,51.151383827062396,8,PE
1065,2020-04-02,50.762804590639604,11,PE
1066,2020-04-03,50.544022669058,30,PE
1067,2020-04-04,50.270832418569796,40,PE
1068,2020-04-05,50.001297450680596,25,PE
1069,2020-04-06,49.368261383234604,22,PE
1070,2020-04-07,50.1228155511557,129,PE
1071,2020-04-08,49.9861659571976,49,PE
1072,2020-04-09,49.7350524442326,154,PE
1073,2020-04-10,49.589794566687495,129,PE
1074,2020-04-11,49.6303606453765,132,PE
1075,2020-04-12,50.06860341303079,144,PE
1076,2020-04-13,50.1529711666889,194,PE
1077,2020-04-14,48.9664749787161,130,PE
1078,2020-04-15,48.711799085323804,200,PE
1079,2020-04-16,48.9052011454945,199,PE
1080,2020-04-17,48.9170994061744,323,PE
1081,2020-04-18,49.8925131588773,185,PE
1082,2020-04-19,49.6980408630332,268,PE
1083,2020-04-20,49.670173879650605,231,PE
1084,2020-04-21,49.9515479555679,218,PE
1085,2020-04-22,50.015889334215295,390,PE
1086,2020-04-23,49.8641343735789,307,PE
1087,2020-04-24,49.8503143736332,394,PE
1088,2020-04-25,48.6213210069225,508,PE
1089,2020-04-26,48.3342387400871,391,PE
1090,2020-04-27,48.2029298632146,460,PE
1091,2020-04-28,48.85550834639749,366,PE
1092,2020-04-29,48.4552045105332,470,PE
1093,2020-04-30,47.8035051256721,682,PE
1094,2020-05-01,47.5303008366687,458,PE
1095,2020-05-02,47.4827616949537,811,PE
1096,2020-05-03,47.5433735364455,498,PE
1097,2020-05-04,47.6668399301336,220,PE
1098,2020-05-05,46.427316024833495,462,PE
1099,2020-05-06,46.3998072572041,0,PE
1100,2020-05-07,46.142986404420796,1499,PE
1101,2020-05-08,46.2820390607512,763,PE
1102,2020-05-09,46.5600387861191,883,PE
1103,2020-05-10,46.76460157148421,805,PE
1104,2020-05-11,46.8876604323139,493,PE
1105,2020-05-12,47.3274797835624,541,PE
1106,2020-05-13,48.5671288830073,592,PE
1107,2020-05-14,49.8781595619313,687,PE
1108,2020-05-15,50.2442405419868,621,PE
1109,2020-05-16,50.31018601275189,2279,PE
1110,2020-05-17,50.506225025731,964,PE
1111,2020-05-18,50.573378173787006,642,PE
1112,2020-05-19,50.5114091064107,1148,PE
1113,2020-05-20,50.3333227067286,1318,PE
1114,2020-05-21,50.006702061774206,1351,PE
1115,2020-05-22,49.7294779963814,1849,PE
1116,2020-03-19,40.3074238842898,3,PI
1117,2020-03-20,43.491716341519606,1,PI
1118,2020-03-21,46.6205103065627,0,PI
1119,2020-03-22,49.497274522045295,2,PI
1120,2020-03-23,51.9323550067949,0,PI
1121,2020-03-24,53.8219931117513,2,PI
1122,2020-03-25,54.26416409922071,1,PI
1123,2020-03-26,53.872782242585004,0,PI
1124,2020-03-27,53.2885968704735,1,PI
1125,2020-03-28,52.4285434587893,1,PI
1126,2020-03-29,51.128670352299004,0,PI
1127,2020-03-30,50.332189733840195,7,PI
1128,2020-03-31,49.4952698472542,0,PI
1129,2020-04-01,48.89443539919971,1,PI
1130,2020-04-02,48.5827044786208,0,PI
1131,2020-04-03,48.2579569902559,3,PI
1132,2020-04-04,47.89357217016621,2,PI
1133,2020-04-05,47.512327683628904,0,PI
1134,2020-04-06,46.98403287881471,2,PI
1135,2020-04-07,48.2133014235193,5,PI
1136,2020-04-08,47.96302687270471,7,PI
1137,2020-04-09,47.659123063889105,2,PI
1138,2020-04-10,47.4982296409371,1,PI
1139,2020-04-11,47.4048764513375,3,PI
1140,2020-04-12,47.720269309322504,7,PI
1141,2020-04-13,47.301960561726894,7,PI
1142,2020-04-14,45.5641783581342,17,PI
1143,2020-04-15,45.0893606996905,16,PI
1144,2020-04-16,44.9677657792571,11,PI
1145,2020-04-17,44.7451154773656,21,PI
1146,2020-04-18,45.73122968206489,21,PI
1147,2020-04-19,45.38499543096021,14,PI
1148,2020-04-20,45.4391889853313,28,PI
1149,2020-04-21,45.128024314443294,20,PI
1150,2020-04-22,45.1869554975861,11,PI
1151,2020-04-23,44.863544306205995,39,PI
1152,2020-04-24,44.8769097934309,41,PI
1153,2020-04-25,43.67853179469561,34,PI
1154,2020-04-26,43.5355819574706,33,PI
1155,2020-04-27,43.5790163863293,44,PI
1156,2020-04-28,44.3166322228084,46,PI
1157,2020-04-29,43.929634438004705,59,PI
1158,2020-04-30,43.599120772300395,87,PI
1159,2020-05-01,43.4725956770547,65,PI
1160,2020-05-02,43.457399321249106,77,PI
1161,2020-05-03,43.7836527206634,42,PI
1162,2020-05-04,44.1229430457679,91,PI
1163,2020-05-05,43.353321125019704,74,PI
1164,2020-05-06,43.5675940169602,102,PI
1165,2020-05-07,43.2932308114762,80,PI
1166,2020-05-08,43.387849974693296,102,PI
1167,2020-05-09,43.67132895285629,45,PI
1168,2020-05-10,43.7860867661609,54,PI
1169,2020-05-11,43.642369354115,111,PI
1170,2020-05-12,44.8623499502174,169,PI
1171,2020-05-13,45.5886292209846,172,PI
1172,2020-05-14,47.1573402520711,121,PI
1173,2020-05-15,46.984111404371205,180,PI
1174,2020-05-16,46.6869121963556,167,PI
1175,2020-05-17,46.40170207909121,35,PI
1176,2020-05-18,46.249364855437,153,PI
1177,2020-05-19,45.60963792899071,197,PI
1178,2020-05-20,45.2153361928751,215,PI
1179,2020-05-21,44.859771833569795,222,PI
1180,2020-05-22,44.846865658872396,184,PI
1181,2020-03-12,32.222266651810195,6,PR
1182,2020-03-13,32.421231888045995,0,PR
1183,2020-03-14,32.5600354543065,0,PR
1184,2020-03-15,33.4605599236276,0,PR
1185,2020-03-16,34.5175165408783,0,PR
1186,2020-03-17,35.9830354726416,6,PR
1187,2020-03-18,38.4753343446828,3,PR
1188,2020-03-19,41.77933840005571,9,PR
1189,2020-03-20,44.872644972652594,13,PR
1190,2020-03-21,48.2967169717924,7,PR
1191,2020-03-22,51.1129157387293,10,PR
1192,2020-03-23,53.4249079628408,6,PR
1193,2020-03-24,55.1388744414321,10,PR
1194,2020-03-25,55.425342284572494,27,PR
1195,2020-03-26,55.02010037287621,9,PR
1196,2020-03-27,54.558537526322205,19,PR
1197,2020-03-28,53.6647357617658,12,PR
1198,2020-03-29,52.4763200480704,15,PR
1199,2020-03-30,51.774009546562006,8,PR
1200,2020-03-31,51.1234952446066,25,PR
1201,2020-04-01,50.5158573630529,44,PR
1202,2020-04-02,49.8572656837315,29,PR
1203,2020-04-03,49.556740449760596,49,PR
1204,2020-04-04,48.9815557987747,94,PR
1205,2020-04-05,48.6765270641732,44,PR
1206,2020-04-06,47.8876073794578,21,PR
1207,2020-04-07,49.182418812059204,45,PR
1208,2020-04-08,48.6220827012883,39,PR
1209,2020-04-09,47.9522523596465,71,PR
1210,2020-04-10,47.5235833542756,34,PR
1211,2020-04-11,47.496366509698,33,PR
1212,2020-04-12,47.4696807016386,62,PR
1213,2020-04-13,47.23622199729029,18,PR
1214,2020-04-14,45.0487708811553,35,PR
1215,2020-04-15,44.983980967306096,13,PR
1216,2020-04-16,45.2818497072905,29,PR
1217,2020-04-17,45.0628743765167,42,PR
1218,2020-04-18,46.07001407486429,73,PR
1219,2020-04-19,45.602127674420004,42,PR
1220,2020-04-20,45.5960267983137,20,PR
1221,2020-04-21,45.395397037937,17,PR
1222,2020-04-22,45.1101791571855,38,PR
1223,2020-04-23,44.6272593598599,19,PR
1224,2020-04-24,44.407317910067796,37,PR
1225,2020-04-25,42.8876892843345,22,PR
1226,2020-04-26,42.8190575046324,16,PR
1227,2020-04-27,42.3940924666839,30,PR
1228,2020-04-28,43.9351077956322,85,PR
1229,2020-04-29,43.6521265066729,78,PR
1230,2020-04-30,43.2730429947065,59,PR
1231,2020-05-01,43.126897425269206,41,PR
1232,2020-05-02,42.947381142261,46,PR
1233,2020-05-03,43.0965013080416,23,PR
1234,2020-05-04,43.2327271462116,48,PR
1235,2020-05-05,41.414045056723296,27,PR
1236,2020-05-06,41.027714014579296,39,PR
1237,2020-05-07,40.2954008018174,31,PR
1238,2020-05-08,40.0767254995786,56,PR
1239,2020-05-09,40.029921463674,75,PR
1240,2020-05-10,39.821164202449204,50,PR
1241,2020-05-11,39.7115563145155,14,PR
1242,2020-05-12,39.6621979274882,57,PR
1243,2020-05-13,39.9330427036885,93,PR
1244,2020-05-14,40.624531148222296,68,PR
1245,2020-05-15,40.6066679742969,76,PR
1246,2020-05-16,40.4162631937442,105,PR
1247,2020-05-17,40.052002941369,44,PR
1248,2020-05-18,39.8961407842134,74,PR
1249,2020-05-19,40.1104898476639,129,PR
1250,2020-05-20,40.3269932774021,137,PR
1251,2020-05-21,40.7204090176433,199,PR
1252,2020-05-22,40.69091613424521,130,PR
1253,2020-03-05,32.6236868858662,1,RJ
1254,2020-03-06,32.4268772006145,1,RJ
1255,2020-03-07,32.455502669367,0,RJ
1256,2020-03-08,32.0661513755266,1,RJ
1257,2020-03-09,31.9649287835673,0,RJ
1258,2020-03-10,32.1754803957303,0,RJ
1259,2020-03-11,32.852852605353306,0,RJ
1260,2020-03-12,33.2329461167238,12,RJ
1261,2020-03-13,34.018380190921604,0,RJ
1262,2020-03-14,34.9578453308441,0,RJ
1263,2020-03-15,36.597318004492,9,RJ
1264,2020-03-16,38.3886229078196,1,RJ
1265,2020-03-17,40.3020742017046,0,RJ
1266,2020-03-18,43.0915085633793,38,RJ
1267,2020-03-19,45.996017043034705,3,RJ
1268,2020-03-20,48.5040233541809,0,RJ
1269,2020-03-21,51.2086077639754,53,RJ
1270,2020-03-22,53.3037999671294,67,RJ
1271,2020-03-23,54.9820979134137,47,RJ
1272,2020-03-24,56.2589196094347,72,RJ
1273,2020-03-25,56.0443160773977,65,RJ
1274,2020-03-26,55.5180949470885,51,RJ
1275,2020-03-27,55.270876020733006,72,RJ
1276,2020-03-28,54.5316443665588,65,RJ
1277,2020-03-29,53.560977781553404,42,RJ
1278,2020-03-30,53.000632866149104,57,RJ
1279,2020-03-31,52.6155526218025,51,RJ
1280,2020-04-01,52.213734454158704,124,RJ
1281,2020-04-02,52.00526211728379,160,RJ
1282,2020-04-03,51.7338051702411,82,RJ
1283,2020-04-04,51.4380119061839,172,RJ
1284,2020-04-05,51.6241310086498,148,RJ
1285,2020-04-06,51.185182415263995,67,RJ
1286,2020-04-07,51.855686448062,227,RJ
1287,2020-04-08,51.7550312446103,250,RJ
1288,2020-04-09,51.38388499396321,278,RJ
1289,2020-04-10,51.3167911215868,248,RJ
1290,2020-04-11,51.3378946372384,143,RJ
1291,2020-04-12,51.178741917631505,248,RJ
1292,2020-04-13,50.984490829246795,366,RJ
1293,2020-04-14,49.93907092423839,189,RJ
1294,2020-04-15,49.702038855393894,333,RJ
1295,2020-04-16,49.811538937124396,201,RJ
1296,2020-04-17,49.62857501806021,405,RJ
1297,2020-04-18,50.41482254110699,194,RJ
1298,2020-04-19,50.061944201752794,132,RJ
1299,2020-04-20,51.0228445647949,224,RJ
1300,2020-04-21,50.79970277266021,407,RJ
1301,2020-04-22,50.8058151547474,246,RJ
1302,2020-04-23,50.7594427899944,620,RJ
1303,2020-04-24,50.756081580243304,110,RJ
1304,2020-04-25,49.8450484528063,546,RJ
1305,2020-04-26,49.9590163376492,283,RJ
1306,2020-04-27,48.8910150720236,833,RJ
1307,2020-04-28,49.9603697545206,560,RJ
1308,2020-04-29,49.7463913180489,365,RJ
1309,2020-04-30,49.624357742193006,584,RJ
1310,2020-05-01,49.5027324386137,713,RJ
1311,2020-05-02,49.20356207889979,380,RJ
1312,2020-05-03,49.063487557414796,593,RJ
1313,2020-05-04,49.5613451625492,582,RJ
1314,2020-05-05,48.310844871440004,670,RJ
1315,2020-05-06,47.991010581321405,904,RJ
1316,2020-05-07,47.13568281493,861,RJ
1317,2020-05-08,47.2082026248594,1585,RJ
1318,2020-05-09,47.38956073249229,1188,RJ
1319,2020-05-10,47.4718847069051,133,RJ
1320,2020-05-11,47.1284230548748,877,RJ
1321,2020-05-12,47.692588227866494,547,RJ
1322,2020-05-13,47.9755502408479,242,RJ
1323,2020-05-14,48.625231374379396,739,RJ
1324,2020-05-15,48.41674261919379,520,RJ
1325,2020-05-16,48.181759109473106,1614,RJ
1326,2020-05-17,47.833194670302895,637,RJ
1327,2020-05-18,47.543780941664295,4427,RJ
1328,2020-05-19,46.789449724331796,1140,RJ
1329,2020-05-20,46.5205020057886,2567,RJ
1330,2020-05-21,46.93777297002521,1717,RJ
1331,2020-05-22,46.751070579686,1500,RJ
1332,2020-03-12,31.9297481720144,1,RN
1333,2020-03-13,32.2243322848427,0,RN
1334,2020-03-14,32.3196371573414,0,RN
1335,2020-03-15,33.2960422121483,0,RN
1336,2020-03-16,33.9512864880547,0,RN
1337,2020-03-17,34.7452203478028,0,RN
1338,2020-03-18,36.3865783426658,0,RN
1339,2020-03-19,38.757985860239394,0,RN
1340,2020-03-20,41.5404387229444,5,RN
1341,2020-03-21,44.4212452113919,3,RN
1342,2020-03-22,46.675467272027596,4,RN
1343,2020-03-23,48.61157072664329,0,RN
1344,2020-03-24,50.2009088506989,1,RN
1345,2020-03-25,50.694934717474496,0,RN
1346,2020-03-26,50.5259827531114,5,RN
1347,2020-03-27,50.1443883063345,9,RN
1348,2020-03-28,49.495424646181796,40,RN
1349,2020-03-29,48.4236495984389,0,RN
1350,2020-03-30,47.883635491632795,9,RN
1351,2020-03-31,47.282892997816106,5,RN
1352,2020-04-01,46.816402342675104,10,RN
1353,2020-04-02,46.447723209229004,14,RN
1354,2020-04-03,46.1391471021416,70,RN
1355,2020-04-04,45.9233222044506,0,RN
1356,2020-04-05,45.6989333463196,70,RN
1357,2020-04-06,45.0483615774377,0,RN
1358,2020-04-07,46.0319142899203,8,RN
1359,2020-04-08,45.65920026146011,8,RN
1360,2020-04-09,45.27667483352321,0,RN
1361,2020-04-10,45.093030004517296,1,RN
1362,2020-04-11,45.0009501890331,26,RN
1363,2020-04-12,45.6520025868899,50,RN
1364,2020-04-13,45.6353800508821,37,RN
1365,2020-04-14,43.981998019862395,23,RN
1366,2020-04-15,43.736022785752894,1,RN
1367,2020-04-16,43.67713854666061,63,RN
1368,2020-04-17,43.4885627086837,53,RN
1369,2020-04-18,44.7514529712439,45,RN
1370,2020-04-19,44.0564989681952,34,RN
1371,2020-04-20,43.8802857288126,13,RN
1372,2020-04-21,43.8519315498285,38,RN
1373,2020-04-22,43.8390815779383,62,RN
1374,2020-04-23,43.573420701291894,46,RN
1375,2020-04-24,43.4820206567796,27,RN
1376,2020-04-25,41.9152507697621,44,RN
1377,2020-04-26,41.7242673638731,7,RN
1378,2020-04-27,41.5216158183974,25,RN
1379,2020-04-28,42.5176696204711,229,RN
1380,2020-04-29,42.0175970664991,91,RN
1381,2020-04-30,41.4427546046835,120,RN
1382,2020-05-01,41.661905987653,69,RN
1383,2020-05-02,41.5286056780916,26,RN
1384,2020-05-03,41.658309257462,29,RN
1385,2020-05-04,42.040955582433,115,RN
1386,2020-05-05,40.8516314141426,108,RN
1387,2020-05-06,41.0284772399671,95,RN
1388,2020-05-07,40.746462584217795,0,RN
1389,2020-05-08,40.5543425873311,179,RN
1390,2020-05-09,40.839608317499106,0,RN
1391,2020-05-10,41.1193006306483,11,RN
1392,2020-05-11,41.354529355329596,103,RN
1393,2020-05-12,41.9612564983324,333,RN
1394,2020-05-13,43.1559739673098,171,RN
1395,2020-05-14,44.1231386823738,249,RN
1396,2020-05-15,44.05945457392139,0,RN
1397,2020-05-16,43.8879673011728,218,RN
1398,2020-05-17,43.7732850664715,134,RN
1399,2020-05-18,43.50425359944511,345,RN
1400,2020-05-19,43.3314150049589,313,RN
1401,2020-05-20,42.7634960244985,264,RN
1402,2020-05-21,43.169242896267605,191,RN
1403,2020-05-22,43.2240842287628,348,RN
1404,2020-03-20,45.5691222998656,1,RO
1405,2020-03-21,48.3268560441602,2,RO
1406,2020-03-22,50.538312050942494,0,RO
1407,2020-03-23,52.466663398076804,0,RO
1408,2020-03-24,53.931812366063994,2,RO
1409,2020-03-25,53.8873780645767,0,RO
1410,2020-03-26,52.756217195602105,1,RO
1411,2020-03-27,52.254393899860105,0,RO
1412,2020-03-28,51.2068066030505,0,RO
1413,2020-03-29,49.8545879968339,0,RO
1414,2020-03-30,49.009864549711196,2,RO
1415,2020-03-31,48.40293362340879,1,RO
1416,2020-04-01,47.8808866921107,0,RO
1417,2020-04-02,47.315510586102704,1,RO
1418,2020-04-03,46.938036346691504,0,RO
1419,2020-04-04,46.60596871723471,1,RO
1420,2020-04-05,46.584888059003895,3,RO
1421,2020-04-06,46.274375533526495,4,RO
1422,2020-04-07,47.2133780927861,5,RO
1423,2020-04-08,47.152763956516196,3,RO
1424,2020-04-09,46.9701298034773,2,RO
1425,2020-04-10,46.8227914630291,4,RO
1426,2020-04-11,47.1088921914075,2,RO
1427,2020-04-12,47.61093306801121,8,RO
1428,2020-04-13,47.316258025770395,0,RO
1429,2020-04-14,45.8823346900516,27,RO
1430,2020-04-15,45.7823881541494,4,RO
1431,2020-04-16,45.9526060222777,19,RO
1432,2020-04-17,45.947235526769,18,RO
1433,2020-04-18,46.712855902833994,18,RO
1434,2020-04-19,46.0826727230577,32,RO
1435,2020-04-20,46.302699713056704,39,RO
1436,2020-04-21,46.2227098256666,24,RO
1437,2020-04-22,46.0933176770052,0,RO
1438,2020-04-23,45.9515697237045,27,RO
1439,2020-04-24,45.8035380111532,40,RO
1440,2020-04-25,44.537805730930394,38,RO
1441,2020-04-26,44.3136665524825,36,RO
1442,2020-04-27,43.9449602522723,29,RO
1443,2020-04-28,45.1339603263851,20,RO
1444,2020-04-29,44.91384939545279,20,RO
1445,2020-04-30,44.5175015802142,69,RO
1446,2020-05-01,44.3759407786005,83,RO
1447,2020-05-02,44.265962158876,69,RO
1448,2020-05-03,44.3468526624681,51,RO
1449,2020-05-04,44.5568031410634,51,RO
1450,2020-05-05,43.280539665655795,105,RO
1451,2020-05-06,43.1775886597219,82,RO
1452,2020-05-07,42.712408350762104,155,RO
1453,2020-05-08,42.904747367232105,124,RO
1454,2020-05-09,43.254986936876705,41,RO
1455,2020-05-10,43.4068266143622,39,RO
1456,2020-05-11,43.5739747681124,96,RO
1457,2020-05-12,43.8146861352073,62,RO
1458,2020-05-13,44.2151247295444,152,RO
1459,2020-05-14,45.215248767371904,74,RO
1460,2020-05-15,45.3525051979742,108,RO
1461,2020-05-16,45.19240248069939,124,RO
1462,2020-05-17,45.051399652213604,45,RO
1463,2020-05-18,44.9503529293005,80,RO
1464,2020-05-19,44.8674465509714,370,RO
1465,2020-05-20,44.8559131906176,86,RO
1466,2020-05-21,44.845910746120005,0,RO
1467,2020-05-22,44.625751302069595,275,RO
1468,2020-03-21,43.62794355546271,2,RR
1469,2020-03-22,45.8473309820776,0,RR
1470,2020-03-23,47.7967549581116,0,RR
1471,2020-03-24,49.406571474679396,6,RR
1472,2020-03-25,50.167932469344905,0,RR
1473,2020-03-26,49.9461116681675,2,RR
1474,2020-03-27,49.5303294403407,2,RR
1475,2020-03-28,48.70150161455089,4,RR
1476,2020-03-29,47.1415131919645,0,RR
1477,2020-03-30,46.1978396849836,0,RR
1478,2020-03-31,45.4914689819155,0,RR
1479,2020-04-01,45.006160035255206,10,RR
1480,2020-04-02,44.79813841672689,4,RR
1481,2020-04-03,44.5817521037321,7,RR
1482,2020-04-04,44.3108105315415,5,RR
1483,2020-04-05,44.46924881843229,0,RR
1484,2020-04-06,44.284016799839705,0,RR
1485,2020-04-07,45.180095990474996,7,RR
1486,2020-04-08,45.073194401112794,3,RR
1487,2020-04-09,44.891136832966296,11,RR
1488,2020-04-10,44.897227318404596,12,RR
1489,2020-04-11,44.9726558413703,4,RR
1490,2020-04-12,45.150488073061,4,RR
1491,2020-04-13,44.75455226920771,30,RR
1492,2020-04-14,43.503930146647704,1,RR
1493,2020-04-15,43.293039856479,28,RR
1494,2020-04-16,43.2338400362698,22,RR
1495,2020-04-17,43.281481086140005,37,RR
1496,2020-04-18,43.784050888876,21,RR
1497,2020-04-19,43.327506412222206,22,RR
1498,2020-04-20,43.428164483062496,3,RR
1499,2020-04-21,43.2137751471632,33,RR
1500,2020-04-22,43.0246129764387,17,RR
1501,2020-04-23,42.7633578449159,7,RR
1502,2020-04-24,42.4154581696287,41,RR
1503,2020-04-25,41.597582312137,56,RR
1504,2020-04-26,41.620894548093,6,RR
1505,2020-04-27,41.550887176386794,18,RR
1506,2020-04-28,42.441812796589495,0,RR
1507,2020-04-29,42.508425140338204,1,RR
1508,2020-04-30,42.4828770213609,93,RR
1509,2020-05-01,42.390591932186105,0,RR
1510,2020-05-02,42.3756236730322,0,RR
1511,2020-05-03,42.7090156152509,14,RR
1512,2020-05-04,42.933825487287294,45,RR
1513,2020-05-05,42.06261123574429,291,RR
1514,2020-05-06,41.7711718835725,63,RR
1515,2020-05-07,40.722260420088894,88,RR
1516,2020-05-08,40.893781908369796,104,RR
1517,2020-05-09,41.1796105641587,78,RR
1518,2020-05-10,41.231964880438596,88,RR
1519,2020-05-11,41.320306587788004,5,RR
1520,2020-05-12,41.6238080053254,116,RR
1521,2020-05-13,42.161743801489294,0,RR
1522,2020-05-14,43.5398081766117,89,RR
1523,2020-05-15,43.6977369065206,89,RR
1524,2020-05-16,43.682234968311995,117,RR
1525,2020-05-17,43.5743520809996,85,RR
1526,2020-05-18,43.6465111682956,91,RR
1527,2020-05-19,43.6779016096828,106,RR
1528,2020-05-20,43.579144207491396,0,RR
1529,2020-05-21,43.6049666273446,0,RR
1530,2020-05-22,43.5324241234838,308,RR
1531,2020-03-10,31.419698454819798,1,RS
1532,2020-03-11,32.0395664422551,1,RS
1533,2020-03-12,32.3818884211287,2,RS
1534,2020-03-13,32.861652376157,0,RS
1535,2020-03-14,33.2570909487336,0,RS
1536,2020-03-15,34.530589207821194,0,RS
1537,2020-03-16,36.101367487647295,4,RS
1538,2020-03-17,37.8886592231296,0,RS
1539,2020-03-18,40.6897645868125,11,RS
1540,2020-03-19,44.16723486704429,12,RS
1541,2020-03-20,47.7603346473365,12,RS
1542,2020-03-21,51.623712117658904,26,RS
1543,2020-03-22,54.6692477724274,8,RS
1544,2020-03-23,57.1887379971486,19,RS
1545,2020-03-24,59.0997318173051,16,RS
1546,2020-03-25,59.4223818592554,50,RS
1547,2020-03-26,58.7473254611488,28,RS
1548,2020-03-27,58.0997813110666,7,RS
1549,2020-03-28,57.0670447924277,3,RS
1550,2020-03-29,55.7677442306333,30,RS
1551,2020-03-30,55.0305059141576,24,RS
1552,2020-03-31,54.3776724521738,51,RS
1553,2020-04-01,53.6971076616026,11,RS
1554,2020-04-02,53.19028253938,70,RS
1555,2020-04-03,52.847942550249,24,RS
1556,2020-04-04,52.18259138829479,8,RS
1557,2020-04-05,51.7985439376763,50,RS
1558,2020-04-06,50.8719742473545,33,RS
1559,2020-04-07,51.97991725994739,54,RS
1560,2020-04-08,51.432534285947895,26,RS
1561,2020-04-09,50.6823950036946,55,RS
1562,2020-04-10,50.1943367510299,4,RS
1563,2020-04-11,50.234778896338796,13,RS
1564,2020-04-12,50.2818983910645,11,RS
1565,2020-04-13,49.93063506904571,21,RS
1566,2020-04-14,47.85906707002089,35,RS
1567,2020-04-15,47.57015452453871,42,RS
1568,2020-04-16,47.679909017382094,30,RS
1569,2020-04-17,47.4165272762737,39,RS
1570,2020-04-18,48.37664354047111,23,RS
1571,2020-04-19,47.844639424071595,15,RS
1572,2020-04-20,47.848494558857205,35,RS
1573,2020-04-21,47.523298737435,14,RS
1574,2020-04-22,47.3716771475444,52,RS
1575,2020-04-23,47.3531349761518,69,RS
1576,2020-04-24,47.1919990945066,57,RS
1577,2020-04-25,45.646285233927294,70,RS
1578,2020-04-26,45.520381748559196,42,RS
1579,2020-04-27,45.0677417039112,48,RS
1580,2020-04-28,46.6467841469299,94,RS
1581,2020-04-29,46.3958021303624,70,RS
1582,2020-04-30,45.795398816289705,109,RS
1583,2020-05-01,45.51681139659511,90,RS
1584,2020-05-02,45.35065506662,47,RS
1585,2020-05-03,45.216228403289605,24,RS
1586,2020-05-04,45.3213360309754,78,RS
1587,2020-05-05,43.352138861312106,251,RS
1588,2020-05-06,42.833135215855705,81,RS
1589,2020-05-07,41.9901946417781,82,RS
1590,2020-05-08,41.8526664892228,311,RS
1591,2020-05-09,42.3014662713944,49,RS
1592,2020-05-10,42.491672068511704,34,RS
1593,2020-05-11,42.398494963470995,232,RS
1594,2020-05-12,42.461427544919296,109,RS
1595,2020-05-13,42.8160055830791,80,RS
1596,2020-05-14,43.650555763032706,104,RS
1597,2020-05-15,43.555074382646296,594,RS
1598,2020-05-16,42.7764830652185,39,RS
1599,2020-05-17,42.245862747057,1,RS
1600,2020-05-18,42.4429794981411,15,RS
1601,2020-05-19,42.5240598118994,48,RS
1602,2020-05-20,42.7929489795214,1175,RS
1603,2020-05-21,43.274946667304604,500,RS
1604,2020-05-22,43.241721527265504,445,RS
1605,2020-03-12,33.0537000744907,2,SC
1606,2020-03-13,33.0567641397055,1,SC
1607,2020-03-14,33.369294291376,2,SC
1608,2020-03-15,34.5864788125887,1,SC
1609,2020-03-16,37.6001882107427,1,SC
1610,2020-03-17,41.0518899390265,0,SC
1611,2020-03-18,45.23660388069611,7,SC
1612,2020-03-19,49.413229929082405,7,SC
1613,2020-03-20,54.093843359451704,18,SC
1614,2020-03-21,58.3943446550509,18,SC
1615,2020-03-22,61.7354208087772,11,SC
1616,2020-03-23,62.9431747188085,18,SC
1617,2020-03-24,63.448655828427704,23,SC
1618,2020-03-25,62.6153120046726,13,SC
1619,2020-03-26,61.471390337488394,27,SC
1620,2020-03-27,59.87979517131989,14,SC
1621,2020-03-28,58.41096727333161,21,SC
1622,2020-03-29,56.7839722018001,13,SC
1623,2020-03-30,55.643892915732096,22,SC
1624,2020-03-31,54.495793061798,16,SC
1625,2020-04-01,53.61163840681561,12,SC
1626,2020-04-02,53.0076794258609,34,SC
1627,2020-04-03,52.374053633962404,20,SC
1628,2020-04-04,51.444437997756005,55,SC
1629,2020-04-05,50.7439322287345,23,SC
1630,2020-04-06,49.6113599823714,38,SC
1631,2020-04-07,50.56897786421761,40,SC
1632,2020-04-08,49.794615014033006,44,SC
1633,2020-04-09,49.100461788675496,192,SC
1634,2020-04-10,48.4590779837927,24,SC
1635,2020-04-11,48.2049932193597,15,SC
1636,2020-04-12,48.0652793150719,44,SC
1637,2020-04-13,47.72882230613689,50,SC
1638,2020-04-14,45.5711872184101,27,SC
1639,2020-04-15,45.4317159981956,31,SC
1640,2020-04-16,45.63782904808539,42,SC
1641,2020-04-17,45.514396298118704,36,SC
1642,2020-04-18,46.45321724523829,13,SC
1643,2020-04-19,46.0865344999617,50,SC
1644,2020-04-20,46.1153803810195,38,SC
1645,2020-04-21,45.8966616677641,28,SC
1646,2020-04-22,45.6085252416733,24,SC
1647,2020-04-23,45.04503939155029,55,SC
1648,2020-04-24,44.8612931494094,39,SC
1649,2020-04-25,43.591050006198394,26,SC
1650,2020-04-26,43.475009207876994,102,SC
1651,2020-04-27,43.05216302715671,139,SC
1652,2020-04-28,44.6360512562362,519,SC
1653,2020-04-29,44.3643792663237,90,SC
1654,2020-04-30,43.9562129143089,309,SC
1655,2020-05-01,43.71891085005979,-290,SC
1656,2020-05-02,43.441825499366395,242,SC
1657,2020-05-03,43.5595566112586,173,SC
1658,2020-05-04,43.64697266430721,104,SC
1659,2020-05-05,41.7115147495196,172,SC
1660,2020-05-06,41.2179761065105,122,SC
1661,2020-05-07,40.53087971670389,165,SC
1662,2020-05-08,40.30682148158029,123,SC
1663,2020-05-09,40.219282840061204,167,SC
1664,2020-05-10,40.0779256148567,57,SC
1665,2020-05-11,40.0666866854205,100,SC
1666,2020-05-12,40.0974461176412,204,SC
1667,2020-05-13,40.4127468706319,95,SC
1668,2020-05-14,41.094651918566896,504,SC
1669,2020-05-15,41.1067128171414,230,SC
1670,2020-05-16,40.9699223756996,116,SC
1671,2020-05-17,40.6164170159305,98,SC
1672,2020-05-18,40.48585255663561,399,SC
1673,2020-05-19,40.572393483073895,238,SC
1674,2020-05-20,40.6393137950757,86,SC
1675,2020-05-21,40.697960925752895,111,SC
1676,2020-05-22,40.6340332985603,848,SC
1677,2020-03-14,32.8606327982896,1,SE
1678,2020-03-15,33.728311110006,0,SE
1679,2020-03-16,34.621053930463,4,SE
1680,2020-03-17,35.6811278461072,0,SE
1681,2020-03-18,37.4572534253097,1,SE
1682,2020-03-19,39.716816686438705,0,SE
1683,2020-03-20,42.3541877248179,1,SE
1684,2020-03-21,44.1330745999418,3,SE
1685,2020-03-22,46.4297248361316,0,SE
1686,2020-03-23,48.833482694414606,0,SE
1687,2020-03-24,50.401613263758705,5,SE
1688,2020-03-25,50.8443018233471,1,SE
1689,2020-03-26,51.421544237579205,0,SE
1690,2020-03-27,50.587954644277495,0,SE
1691,2020-03-28,49.731846226886205,0,SE
1692,2020-03-29,48.491696931936595,0,SE
1693,2020-03-30,47.3063761859632,2,SE
1694,2020-03-31,46.655697033263905,1,SE
1695,2020-04-01,46.087494694819796,3,SE
1696,2020-04-02,44.9610214865081,2,SE
1697,2020-04-03,44.9564161434896,3,SE
1698,2020-04-04,44.7687703775202,5,SE
1699,2020-04-05,44.6792110273521,0,SE
1700,2020-04-06,44.113212013346605,0,SE
1701,2020-04-07,44.8581383352036,4,SE
1702,2020-04-08,44.403565607196704,3,SE
1703,2020-04-09,43.9726715932204,1,SE
1704,2020-04-10,43.7543395097052,2,SE
1705,2020-04-11,43.6682732493088,2,SE
1706,2020-04-12,43.8612880761932,0,SE
1707,2020-04-13,43.558075789671605,1,SE
1708,2020-04-14,42.2338264922351,1,SE
1709,2020-04-15,42.328843298063795,2,SE
1710,2020-04-16,42.6672078093787,5,SE
1711,2020-04-17,42.3909711929982,5,SE
1712,2020-04-18,43.1956629638118,13,SE
1713,2020-04-19,42.8235407681446,15,SE
1714,2020-04-20,43.5946652831993,6,SE
1715,2020-04-21,43.597773903856,25,SE
1716,2020-04-22,43.323367690304096,1,SE
1717,2020-04-23,42.7490811839886,17,SE
1718,2020-04-24,42.6092390722815,10,SE
1719,2020-04-25,41.429999061111204,9,SE
1720,2020-04-26,41.1236505370517,21,SE
1721,2020-04-27,40.142365020255,36,SE
1722,2020-04-28,40.808160253122296,69,SE
1723,2020-04-29,40.4483615725106,0,SE
1724,2020-04-30,40.03470828325,173,SE
1725,2020-05-01,40.015615206503895,64,SE
1726,2020-05-02,39.981156172309205,84,SE
1727,2020-05-03,40.393165664251,129,SE
1728,2020-05-04,41.198171887263996,42,SE
1729,2020-05-05,40.265413687107895,126,SE
1730,2020-05-06,40.7867082734767,100,SE
1731,2020-05-07,40.7491653006474,216,SE
1732,2020-05-08,40.8456605825869,224,SE
1733,2020-05-09,41.2429449443409,150,SE
1734,2020-05-10,41.4914554472439,183,SE
1735,2020-05-11,41.206498967441604,29,SE
1736,2020-05-12,41.56336582579001,232,SE
1737,2020-05-13,41.5460629811084,236,SE
1738,2020-05-14,42.1852310443188,226,SE
1739,2020-05-15,42.315209629873294,374,SE
1740,2020-05-16,42.6428668375105,267,SE
1741,2020-05-17,42.7929514507301,208,SE
1742,2020-05-18,42.7088026147032,223,SE
1743,2020-05-19,43.437879899743606,401,SE
1744,2020-05-20,43.2694877747501,310,SE
1745,2020-05-21,43.2235626460364,457,SE
1746,2020-05-22,43.655145644381506,188,SE
1747,2020-03-01,30.2501239422158,0,SP
1748,2020-03-02,30.480790165693602,0,SP
1749,2020-03-03,30.5664534702745,0,SP
1750,2020-03-04,30.509814729799,1,SP
1751,2020-03-05,30.363378308608304,3,SP
1752,2020-03-06,30.5369460131625,0,SP
1753,2020-03-07,30.519504782523605,7,SP
1754,2020-03-08,30.2262106336614,3,SP
1755,2020-03-09,30.2124016069151,0,SP
1756,2020-03-10,30.558840374558702,3,SP
1757,2020-03-11,31.1081875603724,11,SP
1758,2020-03-12,31.3181332705899,16,SP
1759,2020-03-13,31.844274751465697,0,SP
1760,2020-03-14,32.451916695317806,19,SP
1761,2020-03-15,33.552487957664496,0,SP
1762,2020-03-16,34.8984685078261,87,SP
1763,2020-03-17,36.3690926030895,12,SP
1764,2020-03-18,38.7227775100701,77,SP
1765,2020-03-19,41.641975108173206,45,SP
1766,2020-03-20,44.319154142986896,59,SP
1767,2020-03-21,47.2948989609919,-8,SP
1768,2020-03-22,49.9024093639262,0,SP
1769,2020-03-23,52.0311465795928,0,SP
1770,2020-03-24,53.7533239131485,0,SP
1771,2020-03-25,54.2214140776363,525,SP
1772,2020-03-26,54.1650131401874,191,SP
1773,2020-03-27,54.0587507186067,170,SP
1774,2020-03-28,53.425639003379004,-44,SP
1775,2020-03-29,52.499783344151794,0,SP
1776,2020-03-30,51.9876573991911,338,SP
1777,2020-03-31,51.611171912155704,822,SP
1778,2020-04-01,51.11914912109611,642,SP
1779,2020-04-02,50.5192416631853,525,SP
1780,2020-04-03,50.25290059127379,542,SP
1781,2020-04-04,49.9274963570909,418,SP
1782,2020-04-05,49.821152377603596,154,SP
1783,2020-04-06,49.213146958245,246,SP
1784,2020-04-07,50.1105953169054,816,SP
1785,2020-04-08,49.8231823319592,1026,SP
1786,2020-04-09,49.4056475508952,772,SP
1787,2020-04-10,49.2755760247037,736,SP
1788,2020-04-11,49.3382419452983,203,SP
1789,2020-04-12,49.3671242387941,336,SP
1790,2020-04-13,49.089157521749804,140,SP
1791,2020-04-14,47.47965107077821,476,SP
1792,2020-04-15,47.242255940548894,1672,SP
1793,2020-04-16,47.270458997405605,525,SP
1794,2020-04-17,47.19362447266721,1273,SP
1795,2020-04-18,47.9389567957006,1053,SP
1796,2020-04-19,47.5436390819376,373,SP
1797,2020-04-20,47.666086815226706,313,SP
1798,2020-04-21,47.4709594046827,805,SP
1799,2020-04-22,47.3294439517554,529,SP
1800,2020-04-23,47.0955300171414,826,SP
1801,2020-04-24,46.773514224941906,1086,SP
1802,2020-04-25,45.4968577673168,2178,SP
1803,2020-04-26,45.390316377368606,711,SP
1804,2020-04-27,45.012161722384704,981,SP
1805,2020-04-28,46.158876003806895,2345,SP
1806,2020-04-29,46.0122039435416,2117,SP
1807,2020-04-30,45.671395304586405,2540,SP
1808,2020-05-01,45.5416328748277,1676,SP
1809,2020-05-02,45.398810653194296,800,SP
1810,2020-05-03,45.3868967637786,598,SP
1811,2020-05-04,45.72990906246161,415,SP
1812,2020-05-05,44.4103679118042,1866,SP
1813,2020-05-06,44.0898026567242,3800,SP
1814,2020-05-07,43.5208364586089,2075,SP
1815,2020-05-08,43.50503771308579,1902,SP
1816,2020-05-09,43.5841636626888,2581,SP
1817,2020-05-10,43.6309975829976,1033,SP
1818,2020-05-11,43.54923587040171,687,SP
1819,2020-05-12,43.6810530389017,1588,SP
1820,2020-05-13,43.9406330077853,3378,SP
1821,2020-05-14,44.631770999411295,3189,SP
1822,2020-05-15,44.468745018106794,4092,SP
1823,2020-05-16,44.192171230658204,2805,SP
1824,2020-05-17,43.9236304207632,1162,SP
1825,2020-05-18,43.7253809073866,721,SP
1826,2020-05-19,43.55640990216539,2929,SP
1827,2020-05-20,43.6375401825214,3864,SP
1828,2020-05-21,43.949881228070005,3880,SP
1829,2020-05-22,44.811831594099104,3132,SP
1830,2020-03-18,36.8893195843426,1,TO
1831,2020-03-19,39.3791571849691,0,TO
1832,2020-03-20,41.623343893059,0,TO
1833,2020-03-21,44.274436234805094,1,TO
1834,2020-03-22,46.4701167897612,3,TO
1835,2020-03-23,47.4324702991356,2,TO
1836,2020-03-24,48.349266752918794,0,TO
1837,2020-03-25,48.484397196753996,0,TO
1838,2020-03-26,47.8173193032166,1,TO
1839,2020-03-27,47.242634148686506,1,TO
1840,2020-03-28,46.111198656462896,0,TO
1841,2020-03-29,44.989965606405896,1,TO
1842,2020-03-30,44.0675996273032,1,TO
1843,2020-03-31,43.272788843246296,1,TO
1844,2020-04-01,42.4115285560839,0,TO
1845,2020-04-02,41.9998378298059,0,TO
1846,2020-04-03,41.6387952162275,1,TO
1847,2020-04-04,41.2960614601008,3,TO
1848,2020-04-05,41.106829897437,1,TO
1849,2020-04-06,40.678224361021705,2,TO
1850,2020-04-07,42.064388982764704,0,TO
1851,2020-04-08,41.8898516672359,4,TO
1852,2020-04-09,41.5414048471451,0,TO
1853,2020-04-10,41.386731703519104,0,TO
1854,2020-04-11,41.3959298147624,2,TO
1855,2020-04-12,41.442414134558504,1,TO
1856,2020-04-13,41.176845996207796,0,TO
1857,2020-04-14,39.165707913464296,1,TO
1858,2020-04-15,38.9276909798705,2,TO
1859,2020-04-16,38.9764099293354,2,TO
1860,2020-04-17,38.991804973408705,1,TO
1861,2020-04-18,40.493975716013,1,TO
1862,2020-04-19,40.173781997856494,1,TO
1863,2020-04-20,40.3577053747237,1,TO
1864,2020-04-21,40.3045866851814,1,TO
1865,2020-04-22,40.3537436206361,1,TO
1866,2020-04-23,40.1472579071745,6,TO
1867,2020-04-24,39.9452546481927,7,TO
1868,2020-04-25,38.1148973875459,8,TO
1869,2020-04-26,38.0836048407627,9,TO
1870,2020-04-27,37.904093581886,12,TO
1871,2020-04-28,39.3681085761178,37,TO
1872,2020-04-29,39.280902545690104,21,TO
1873,2020-04-30,39.112797722450104,27,TO
1874,2020-05-01,39.1861225589747,27,TO
1875,2020-05-02,39.297709356792204,55,TO
1876,2020-05-03,39.5047809452747,21,TO
1877,2020-05-04,39.759195178218896,36,TO
1878,2020-05-05,38.3657707912481,48,TO
1879,2020-05-06,38.2760100447424,72,TO
1880,2020-05-07,38.0412583786281,71,TO
1881,2020-05-08,38.0330720202273,79,TO
1882,2020-05-09,38.0935773336348,115,TO
1883,2020-05-10,38.1402290743112,59,TO
1884,2020-05-11,38.1298956057862,81,TO
1885,2020-05-12,38.3079798427981,104,TO
1886,2020-05-13,38.7735523715357,97,TO
1887,2020-05-14,39.7990340801638,150,TO
1888,2020-05-15,40.1407467039909,100,TO
1889,2020-05-16,40.1026451244911,0,TO
1890,2020-05-17,40.7050163794205,217,TO
1891,2020-05-18,40.665149676441104,150,TO
1892,2020-05-19,40.6231094300239,163,TO
1893,2020-05-20,40.4775439253889,167,TO
1894,2020-05-21,40.207127755380505,229,TO
1895,2020-05-22,39.9138256401511,225,TO
